MatchId,Fecha,Local,Visita,HomeTeamId,AwayTeamId,Estado,ResultadoReal,Acierto,Mercado,Seleccion,Probabilidad
10108_27373_2026-09-08,2026-09-08,Kuching FA,Kelantan Red Warrior FC,10108,27373,PENDIENTE,,,Mega-Misil SGBB,1X_O15,0.906
10108_27373_2026-09-08,2026-09-08,Kuching FA,Kelantan Red Warrior FC,10108,27373,PENDIENTE,,,Mega-Misil SGBB,1_O15,0.86
10108_27373_2026-09-08,2026-09-08,Kuching FA,Kelantan Red Warrior FC,10108,27373,PENDIENTE,,,Ganador Directo,Gana Kuching FA,0.917
10108_27373_2026-09-08,2026-09-08,Kuching FA,Kelantan Red Warrior FC,10108,27373,PENDIENTE,,,Doble Oportunidad,1X,0.985
10108_27373_2026-09-08,2026-09-08,Kuching FA,Kelantan Red Warrior FC,10108,27373,PENDIENTE,,,Goles,+1.5 Goles,0.918
2523_26352_2026-09-08,2026-09-08,Johor Darul Takzim FC,Damansara,2523,26352,PENDIENTE,,,Mega-Misil SGBB,1X_O15,0.88
2523_26352_2026-09-08,2026-09-08,Johor Darul Takzim FC,Damansara,2523,26352,PENDIENTE,,,Ganador Directo,Gana Johor Darul Takzim FC,0.853
2523_26352_2026-09-08,2026-09-08,Johor Darul Takzim FC,Damansara,2523,26352,PENDIENTE,,,Doble Oportunidad,1X,0.96
2523_26352_2026-09-08,2026-09-08,Johor Darul Takzim FC,Damansara,2523,26352,PENDIENTE,,,Goles,+1.5 Goles,0.913
10430_2527_2026-09-08,2026-09-08,Imigresen,Kedah,10430,2527,PENDIENTE,,,Goles,+1.5 Goles,0.811
19007_9426_2026-09-08,2026-09-08,Ugyen Academy,Paro,19007,9426,PENDIENTE,,,Doble Oportunidad,X2,0.826
7890_17702_2026-09-08,2026-09-08,Borussia Dortmund U19,Villarreal U19,7890,17702,PENDIENTE,,,Doble Oportunidad,1X,0.855
7890_17702_2026-09-08,2026-09-08,Borussia Dortmund U19,Villarreal U19,7890,17702,PENDIENTE,,,Goles,+1.5 Goles,0.819
8013_14094_2026-09-08,2026-09-08,Yangon United,Ezra,8013,14094,PENDIENTE,,,Doble Oportunidad,1X,0.884
16066_27818_2026-09-08,2026-09-08,Kasuka,Karketu Dili,16066,27818,PENDIENTE,,,Doble Oportunidad,X2,0.817
16066_27818_2026-09-08,2026-09-08,Kasuka,Karketu Dili,16066,27818,PENDIENTE,,,Goles,+1.5 Goles,0.802
15463_15464_2026-09-08,2026-09-08,Estoril U23,Famalicão U23,15463,15464,PENDIENTE,,,Goles,+1.5 Goles,0.95
15463_15464_2026-09-08,2026-09-08,Estoril U23,Famalicão U23,15463,15464,PENDIENTE,,,Goles,+2.5 Goles,0.834
15467_28013_2026-09-08,2026-09-08,Portimonense U23,Felgueiras U23,15467,28013,PENDIENTE,,,Goles,+1.5 Goles,0.802
21718_28014_2026-09-08,2026-09-08,Academico Viseu U23,Moreirense U23,21718,28014,PENDIENTE,,,Doble Oportunidad,1X,0.863
19824_26257_2026-09-08,2026-09-08,Estrela U23,União Leiria U23,19824,26257,PENDIENTE,,,Doble Oportunidad,X2,0.902
2763_2745_2026-09-08,2026-09-08,Incheon United,Bucheon FC 1995,2763,2745,PENDIENTE,,,Goles,-3.5 Goles,0.906
2767_2766_2026-09-08,2026-09-08,Ulsan Hyundai FC,FC Seoul,2767,2766,PENDIENTE,,,Doble Oportunidad,X2,0.818
2767_2766_2026-09-08,2026-09-08,Ulsan Hyundai FC,FC Seoul,2767,2766,PENDIENTE,,,Goles,+1.5 Goles,0.886
20890_3819_2026-09-08,2026-09-08,Olympic Kingsway,Perth,20890,3819,PENDIENTE,,,Doble Oportunidad,X2,0.856
20890_3819_2026-09-08,2026-09-08,Olympic Kingsway,Perth,20890,3819,PENDIENTE,,,Goles,+1.5 Goles,0.849
24965_6281_2026-09-08,2026-09-08,Bentonit Ijevan,Lernayin Artsakh,24965,6281,PENDIENTE,,,Goles,+1.5 Goles,0.958
24965_6281_2026-09-08,2026-09-08,Bentonit Ijevan,Lernayin Artsakh,24965,6281,PENDIENTE,,,Goles,+2.5 Goles,0.854
24965_6281_2026-09-08,2026-09-08,Bentonit Ijevan,Lernayin Artsakh,24965,6281,PENDIENTE,,,Ambos Anotan,Sí,0.831
27992_17171_2026-09-08,2026-09-08,Sardarapat 2,BKMA II,27992,17171,PENDIENTE,,,Doble Oportunidad,X2,0.816
3690_3689_2026-09-08,2026-09-08,Banants II,Ararat-Armenia II,3690,3689,PENDIENTE,,,Goles,+1.5 Goles,0.811
207_410_2026-09-08,2026-09-08,Utrecht,GO Ahead Eagles,207,410,PENDIENTE,,,Goles,+1.5 Goles,0.969
207_410_2026-09-08,2026-09-08,Utrecht,GO Ahead Eagles,207,410,PENDIENTE,,,Goles,+2.5 Goles,0.885
207_410_2026-09-08,2026-09-08,Utrecht,GO Ahead Eagles,207,410,PENDIENTE,,,Ambos Anotan,Sí,0.838
413_196_2026-09-08,2026-09-08,NEC Nijmegen,Excelsior,413,196,PENDIENTE,,,Doble Oportunidad,X2,0.881
413_196_2026-09-08,2026-09-08,NEC Nijmegen,Excelsior,413,196,PENDIENTE,,,Goles,+1.5 Goles,0.865
12272_12271_2026-09-08,2026-09-08,Ravshan,Parvoz,12272,12271,PENDIENTE,,,Doble Oportunidad,1X,0.916
22176_24353_2026-09-08,2026-09-08,Mashujaa,Singida Black Stars,22176,24353,PENDIENTE,,,Doble Oportunidad,X2,0.827
22176_24353_2026-09-08,2026-09-08,Mashujaa,Singida Black Stars,22176,24353,PENDIENTE,,,Goles,+1.5 Goles,0.902
5370_17752_2026-09-08,2026-09-08,Young Africans,Geita Gold,5370,17752,PENDIENTE,,,Doble Oportunidad,1X,0.902
10582_25526_2026-09-08,2026-09-08,Orbit College,Lerumo Lions,10582,25526,PENDIENTE,,,Doble Oportunidad,X2,0.851
10582_25526_2026-09-08,2026-09-08,Orbit College,Lerumo Lions,10582,25526,PENDIENTE,,,Goles,-3.5 Goles,0.973
10582_25526_2026-09-08,2026-09-08,Orbit College,Lerumo Lions,10582,25526,PENDIENTE,,,Ambos Anotan,No,0.827
12449_28318_2026-09-08,2026-09-08,BUL,Ntugasaze,12449,28318,PENDIENTE,,,Mega-Misil SGBB,1X_U45,0.905
12449_28318_2026-09-08,2026-09-08,BUL,Ntugasaze,12449,28318,PENDIENTE,,,Doble Oportunidad,1X,0.954
12449_28318_2026-09-08,2026-09-08,BUL,Ntugasaze,12449,28318,PENDIENTE,,,Goles,-3.5 Goles,0.862
28320_6422_2026-09-08,2026-09-08,Kigezi HomeBoyz,KCCA,28320,6422,PENDIENTE,,,Doble Oportunidad,1X,0.825
21374_1177_2026-09-08,2026-09-08,3 de Noviembre,SOL DE America,21374,1177,PENDIENTE,,,Goles,+1.5 Goles,0.875
1181_2135_2026-09-08,2026-09-08,General Caballero,Resistencia,1181,2135,PENDIENTE,,,Doble Oportunidad,1X,0.804
28364_23457_2026-09-08,2026-09-08,Benin U20 W,Argentina U20 W,28364,23457,PENDIENTE,,,Doble Oportunidad,1X,0.898
28364_23457_2026-09-08,2026-09-08,Benin U20 W,Argentina U20 W,28364,23457,PENDIENTE,,,Goles,+1.5 Goles,0.828
19079_19080_2026-09-08,2026-09-08,Brazil U20 W,Canada U20 W,19079,19080,PENDIENTE,,,Doble Oportunidad,1X,0.876
19079_19080_2026-09-08,2026-09-08,Brazil U20 W,Canada U20 W,19079,19080,PENDIENTE,,,Goles,+1.5 Goles,0.885
27219_28369_2026-09-08,2026-09-08,England U20 W,Tanzania U20 W,27219,28369,PENDIENTE,,,Doble Oportunidad,1X,0.876
27219_28369_2026-09-08,2026-09-08,England U20 W,Tanzania U20 W,27219,28369,PENDIENTE,,,Goles,+1.5 Goles,0.885
28367_19088_2026-09-08,2026-09-08,Poland U20 W,Mexico U20 W,28367,19088,PENDIENTE,,,Doble Oportunidad,1X,0.898
28367_19088_2026-09-08,2026-09-08,Poland U20 W,Mexico U20 W,28367,19088,PENDIENTE,,,Goles,+1.5 Goles,0.828
2915_2894_2026-09-08,2026-09-08,Al Mesaimeer,Al Kharaitiyat,2915,2894,PENDIENTE,,,Goles,-3.5 Goles,0.92
11909_2925_2026-09-08,2026-09-08,Al Shamal II,Al Bidda SC,11909,2925,PENDIENTE,,,Mega-Misil SGBB,X2_U45,0.868
11909_2925_2026-09-08,2026-09-08,Al Shamal II,Al Bidda SC,11909,2925,PENDIENTE,,,Doble Oportunidad,X2,0.892
11909_2925_2026-09-08,2026-09-08,Al Shamal II,Al Bidda SC,11909,2925,PENDIENTE,,,Goles,-3.5 Goles,0.913
6823_19449_2026-09-08,2026-09-08,Ryazan,Spartak Kostroma,6823,19449,PENDIENTE,,,Doble Oportunidad,1X,0.801
6823_19449_2026-09-08,2026-09-08,Ryazan,Spartak Kostroma,6823,19449,PENDIENTE,,,Goles,-3.5 Goles,0.871
14046_10545_2026-09-08,2026-09-08,Rača,Šamorín,14046,10545,PENDIENTE,,,Goles,+1.5 Goles,0.804
14088_15006_2026-09-08,2026-09-08,Námestovo,MFK Bytča,14088,15006,PENDIENTE,,,Doble Oportunidad,1X,0.879
14088_15006_2026-09-08,2026-09-08,Námestovo,MFK Bytča,14088,15006,PENDIENTE,,,Goles,+1.5 Goles,0.812
14392_680_2026-09-08,2026-09-08,Drenica Skënderaj,Prishtina,14392,680,PENDIENTE,,,Doble Oportunidad,X2,0.892
14392_680_2026-09-08,2026-09-08,Drenica Skënderaj,Prishtina,14392,680,PENDIENTE,,,Goles,-3.5 Goles,0.866
14396_14395_2026-09-08,2026-09-08,Vushtrria,Llapi,14396,14395,PENDIENTE,,,Goles,+1.5 Goles,0.921
2274_687_2026-09-08,2026-09-08,Trans Narva,Flora Tallinn,2274,687,PENDIENTE,,,Goles,+1.5 Goles,0.858
662_10059_2026-09-08,2026-09-08,Kalju Nomme,Nõmme United,662,10059,PENDIENTE,,,Goles,+1.5 Goles,0.893
21974_608_2026-09-08,2026-09-08,Vardarac,HNK Hajduk Split,21974,608,PENDIENTE,,,Goles,+1.5 Goles,0.891
1163_2075_2026-09-08,2026-09-08,Ilves,FF Jaro,1163,2075,PENDIENTE,,,Doble Oportunidad,1X,0.86
1166_587_2026-09-08,2026-09-08,Lahti,Mariehamn,1166,587,PENDIENTE,,,Goles,+1.5 Goles,0.836
1168_689_2026-09-08,2026-09-08,Turku PS,SJK,1168,689,PENDIENTE,,,Mega-Misil SGBB,1X_U35,0.855
1168_689_2026-09-08,2026-09-08,Turku PS,SJK,1168,689,PENDIENTE,,,Mega-Misil SGBB,1X_U45,0.905
1168_689_2026-09-08,2026-09-08,Turku PS,SJK,1168,689,PENDIENTE,,,Doble Oportunidad,1X,0.925
1168_689_2026-09-08,2026-09-08,Turku PS,SJK,1168,689,PENDIENTE,,,Goles,-3.5 Goles,0.929
1168_689_2026-09-08,2026-09-08,Turku PS,SJK,1168,689,PENDIENTE,,,Ambos Anotan,No,0.805
650_2077_2026-09-08,2026-09-08,VPS,AC Oulu,650,2077,PENDIENTE,,,Goles,-3.5 Goles,0.871
2082_1165_2026-09-08,2026-09-08,Gnistan,KuPS,2082,1165,PENDIENTE,,,Goles,+1.5 Goles,0.845
2934_2930_2026-09-08,2026-09-08,Al-Ettifaq,Al-Faisaly FC,2934,2930,PENDIENTE,,,Goles,+1.5 Goles,0.892
2933_2929_2026-09-08,2026-09-08,Al-Qadisiyah FC,Al-Ahli Jeddah,2933,2929,PENDIENTE,,,Goles,+1.5 Goles,0.805
9178_1172_2026-09-08,2026-09-08,PEPO,HIFK Helsinki,9178,1172,PENDIENTE,,,Doble Oportunidad,1X,0.851
9178_1172_2026-09-08,2026-09-08,PEPO,HIFK Helsinki,9178,1172,PENDIENTE,,,Goles,+1.5 Goles,0.879
13517_13508_2026-09-08,2026-09-08,HPS,PPJ,13517,13508,PENDIENTE,,,Goles,+1.5 Goles,0.919
9174_10667_2026-09-08,2026-09-08,Kiffen,Atlantis,9174,10667,PENDIENTE,,,Goles,+1.5 Goles,0.971
9174_10667_2026-09-08,2026-09-08,Kiffen,Atlantis,9174,10667,PENDIENTE,,,Goles,+2.5 Goles,0.891
9174_10667_2026-09-08,2026-09-08,Kiffen,Atlantis,9174,10667,PENDIENTE,,,Ambos Anotan,Sí,0.863
11070_25061_2026-09-08,2026-09-08,Erbil,Diyala,11070,25061,PENDIENTE,,,Doble Oportunidad,1X,0.807
26600_5242_2026-09-08,2026-09-08,Gharraf,Al Shorta,26600,5242,PENDIENTE,,,Doble Oportunidad,X2,0.803
26600_5242_2026-09-08,2026-09-08,Gharraf,Al Shorta,26600,5242,PENDIENTE,,,Goles,-3.5 Goles,0.948
2956_26357_2026-09-08,2026-09-08,Damac,Al Ula,2956,26357,PENDIENTE,,,Mega-Misil SGBB,X2_U35,0.87
2956_26357_2026-09-08,2026-09-08,Damac,Al Ula,2956,26357,PENDIENTE,,,Mega-Misil SGBB,X2_U45,0.929
2956_26357_2026-09-08,2026-09-08,Damac,Al Ula,2956,26357,PENDIENTE,,,Doble Oportunidad,X2,0.955
2956_26357_2026-09-08,2026-09-08,Damac,Al Ula,2956,26357,PENDIENTE,,,Goles,-3.5 Goles,0.914
2956_26357_2026-09-08,2026-09-08,Damac,Al Ula,2956,26357,PENDIENTE,,,Ambos Anotan,No,0.842
10503_2942_2026-09-08,2026-09-08,Al Anwar,Al Taee,10503,2942,PENDIENTE,,,Goles,+1.5 Goles,0.892
16216_328_2026-09-08,2026-09-08,Djerv,Haugesund,16216,328,PENDIENTE,,,Goles,+1.5 Goles,0.891
2158_2147_2026-09-08,2026-09-08,Tromsdalen Uil,Strommen,2158,2147,PENDIENTE,,,Goles,+1.5 Goles,0.836
6967_324_2026-09-08,2026-09-08,Asker,Stromsgodset,6967,324,PENDIENTE,,,Goles,+1.5 Goles,0.97
6967_324_2026-09-08,2026-09-08,Asker,Stromsgodset,6967,324,PENDIENTE,,,Goles,+2.5 Goles,0.887
6967_324_2026-09-08,2026-09-08,Asker,Stromsgodset,6967,324,PENDIENTE,,,Ambos Anotan,Sí,0.836
575_1026_2026-09-08,2026-09-08,AEK Athens FC,Lask Linz,575,1026,PENDIENTE,,,Goles,+1.5 Goles,0.922
569_66_2026-09-08,2026-09-08,Club Brugge KV,Aston Villa,569,66,PENDIENTE,,,Doble Oportunidad,1X,0.881
165_533_2026-09-08,2026-09-08,Borussia Dortmund,Villarreal,165,533,PENDIENTE,,,Goles,+1.5 Goles,0.84
212_50_2026-09-08,2026-09-08,FC Porto,Manchester City,212,50,PENDIENTE,,,Goles,+1.5 Goles,0.819
79_543_2026-09-08,2026-09-08,Lille,Real Betis,79,543,PENDIENTE,,,Goles,+1.5 Goles,0.836
541_505_2026-09-08,2026-09-08,Real Madrid,Inter,541,505,PENDIENTE,,,Goles,+1.5 Goles,0.827
13981_10883_2026-09-08,2026-09-08,KoldingQ W,Brøndby W,13981,10883,PENDIENTE,,,Goles,+1.5 Goles,0.909
1327_1652_2026-09-08,2026-09-08,VfR Aalen,SSV Ulm 1846,1327,1652,PENDIENTE,,,Goles,+1.5 Goles,0.816
1627_9363_2026-09-08,2026-09-08,Eintracht Trier,Freiburg II,1627,9363,PENDIENTE,,,Doble Oportunidad,X2,0.838
1627_9363_2026-09-08,2026-09-08,Eintracht Trier,Freiburg II,1627,9363,PENDIENTE,,,Goles,+1.5 Goles,0.828
1332_12788_2026-09-08,2026-09-08,FSV Frankfurt,Hessen Kassel,1332,12788,PENDIENTE,,,Doble Oportunidad,1X,0.802
1332_12788_2026-09-08,2026-09-08,FSV Frankfurt,Hessen Kassel,1332,12788,PENDIENTE,,,Goles,+1.5 Goles,0.919
1628_1656_2026-09-08,2026-09-08,Kickers Offenbach,TSV Steinbach,1628,1656,PENDIENTE,,,Goles,+1.5 Goles,0.914
189_12846_2026-09-08,2026-09-08,SV Sandhausen,SGV Freiberg,189,12846,PENDIENTE,,,Goles,+1.5 Goles,0.96
189_12846_2026-09-08,2026-09-08,SV Sandhausen,SGV Freiberg,189,12846,PENDIENTE,,,Goles,+2.5 Goles,0.861
189_12846_2026-09-08,2026-09-08,SV Sandhausen,SGV Freiberg,189,12846,PENDIENTE,,,Ambos Anotan,Sí,0.802
1626_12868_2026-09-08,2026-09-08,FC Astoria Walldorf,Stuttgarter Kickers,1626,12868,PENDIENTE,,,Doble Oportunidad,X2,0.81
1626_12868_2026-09-08,2026-09-08,FC Astoria Walldorf,Stuttgarter Kickers,1626,12868,PENDIENTE,,,Goles,+1.5 Goles,0.833
1657_12767_2026-09-08,2026-09-08,TuS RW Koblenz,FV Engers 07,1657,12767,PENDIENTE,,,Goles,+1.5 Goles,0.878
12773_14655_2026-09-08,2026-09-08,Gonsenheim,Diefflen,12773,14655,PENDIENTE,,,Goles,+1.5 Goles,0.965
12773_14655_2026-09-08,2026-09-08,Gonsenheim,Diefflen,12773,14655,PENDIENTE,,,Goles,+2.5 Goles,0.873
12773_14655_2026-09-08,2026-09-08,Gonsenheim,Diefflen,12773,14655,PENDIENTE,,,Ambos Anotan,Sí,0.817
21390_1405_2026-09-08,2026-09-08,Velden,Austria Klagenfurt,21390,1405,PENDIENTE,,,Goles,+1.5 Goles,0.954
21390_1405_2026-09-08,2026-09-08,Velden,Austria Klagenfurt,21390,1405,PENDIENTE,,,Goles,+2.5 Goles,0.846
21534_8261_2026-09-08,2026-09-08,Wallern / Marienkirchen,Wals-Grünau,21534,8261,PENDIENTE,,,Goles,+1.5 Goles,0.954
21534_8261_2026-09-08,2026-09-08,Wallern / Marienkirchen,Wals-Grünau,21534,8261,PENDIENTE,,,Goles,+2.5 Goles,0.843
21534_8261_2026-09-08,2026-09-08,Wallern / Marienkirchen,Wals-Grünau,21534,8261,PENDIENTE,,,Ambos Anotan,Sí,0.822
1044_14651_2026-09-08,2026-09-08,Smouha SC,Ceramica Cleopatra,1044,14651,PENDIENTE,,,Mega-Misil SGBB,X2_U45,0.855
1044_14651_2026-09-08,2026-09-08,Smouha SC,Ceramica Cleopatra,1044,14651,PENDIENTE,,,Doble Oportunidad,X2,0.896
1044_14651_2026-09-08,2026-09-08,Smouha SC,Ceramica Cleopatra,1044,14651,PENDIENTE,,,Goles,-3.5 Goles,0.875
1040_15731_2026-09-08,2026-09-08,Zamalek SC,Abu Qair Semad,1040,15731,PENDIENTE,,,Mega-Misil SGBB,1X_U45,0.888
1040_15731_2026-09-08,2026-09-08,Zamalek SC,Abu Qair Semad,1040,15731,PENDIENTE,,,Doble Oportunidad,1X,0.934
1040_15731_2026-09-08,2026-09-08,Zamalek SC,Abu Qair Semad,1040,15731,PENDIENTE,,,Goles,-3.5 Goles,0.866
8391_1967_2026-09-08,2026-09-08,Claypole,Central Ballester,8391,1967,PENDIENTE,,,Goles,-3.5 Goles,0.902
3986_27420_2026-09-08,2026-09-08,Atlanta United II,Connecticut FC,3986,27420,PENDIENTE,,,Goles,+1.5 Goles,0.931
18815_4004_2026-09-08,2026-09-08,New York City II,New York RB II,18815,4004,PENDIENTE,,,Goles,+1.5 Goles,0.931
13078_12968_2026-09-08,2026-09-08,Água Santa U20,Palmeiras U20,13078,12968,PENDIENTE,,,Goles,-3.5 Goles,0.924
673_3740_2026-09-08,2026-09-08,Sutjeska,Mornar,673,3740,PENDIENTE,,,Goles,+1.5 Goles,0.867
14489_12755_2026-09-08,2026-09-08,Friedberg,Eddersheim,14489,12755,PENDIENTE,,,Goles,+1.5 Goles,0.878
1354_37_2026-09-08,2026-09-08,Doncaster,Huddersfield,1354,37,PENDIENTE,,,Goles,+1.5 Goles,0.816
1364_7202_2026-09-08,2026-09-08,Exeter City,Tottenham Hotspur U21,1364,7202,PENDIENTE,,,Goles,+1.5 Goles,0.811
18702_18686_2026-09-08,2026-09-08,Vélez Sársfield Res.,Gimnasia La Plata Res.,18702,18686,PENDIENTE,,,Goles,-3.5 Goles,0.902
1830_7199_2026-09-08,2026-09-08,Boreham Wood,Newcastle United U21,1830,7199,PENDIENTE,,,Doble Oportunidad,1X,0.862
1830_7199_2026-09-08,2026-09-08,Boreham Wood,Newcastle United U21,1830,7199,PENDIENTE,,,Goles,+1.5 Goles,0.976
1830_7199_2026-09-08,2026-09-08,Boreham Wood,Newcastle United U21,1830,7199,PENDIENTE,,,Goles,+2.5 Goles,0.908
1830_7199_2026-09-08,2026-09-08,Boreham Wood,Newcastle United U21,1830,7199,PENDIENTE,,,Ambos Anotan,Sí,0.811
8146_11913_2026-09-08,2026-09-08,Boston United,West Bromwich Albion U21,8146,11913,PENDIENTE,,,Goles,+1.5 Goles,0.881
1841_7204_2026-09-08,2026-09-08,FC Halifax Town,Wolves U21,1841,7204,PENDIENTE,,,Goles,+1.5 Goles,0.87
1823_19745_2026-09-08,2026-09-08,Gateshead,Derby County U21,1823,19745,PENDIENTE,,,Goles,+1.5 Goles,0.925
1366_7193_2026-09-08,2026-09-08,Hartlepool,Everton U21,1366,7193,PENDIENTE,,,Goles,+1.5 Goles,0.954
1366_7193_2026-09-08,2026-09-08,Hartlepool,Everton U21,1366,7193,PENDIENTE,,,Goles,+2.5 Goles,0.844
1366_7193_2026-09-08,2026-09-08,Hartlepool,Everton U21,1366,7193,PENDIENTE,,,Ambos Anotan,Sí,0.819
7690_20094_2026-09-08,2026-09-08,AFC Hornchurch,Ipswich Town U21,7690,20094,PENDIENTE,,,Doble Oportunidad,1X,0.84
7690_20094_2026-09-08,2026-09-08,AFC Hornchurch,Ipswich Town U21,7690,20094,PENDIENTE,,,Goles,+1.5 Goles,0.852
1340_19746_2026-09-08,2026-09-08,Scunthorpe,Nottingham Forest U21,1340,19746,PENDIENTE,,,Goles,+1.5 Goles,0.88
1834_14430_2026-09-08,2026-09-08,Solihull Moors,Leeds United U21,1834,14430,PENDIENTE,,,Goles,+1.5 Goles,0.855
1835_20078_2026-09-08,2026-09-08,Sutton Utd,Birmingham City U21,1835,20078,PENDIENTE,,,Goles,+1.5 Goles,0.864
4699_7195_2026-09-08,2026-09-08,Truro City,Leicester City U21,4699,7195,PENDIENTE,,,Doble Oportunidad,1X,0.912
8663_11911_2026-09-08,2026-09-08,Wealdstone,Stoke City U21,8663,11911,PENDIENTE,,,Goles,+1.5 Goles,0.847
1818_7203_2026-09-08,2026-09-08,Aldershot Town,West Ham United U21,1818,7203,PENDIENTE,,,Goles,+1.5 Goles,0.879
1831_7194_2026-09-08,2026-09-08,Braintree,Fulham U21,1831,7194,PENDIENTE,,,Doble Oportunidad,X2,0.854
1831_7194_2026-09-08,2026-09-08,Braintree,Fulham U21,1831,7194,PENDIENTE,,,Goles,+1.5 Goles,0.907
22173_20081_2026-09-08,2026-09-08,Fleetwood Town U21,Burnley U21,22173,20081,PENDIENTE,,,Goles,+1.5 Goles,0.883
20084_20079_2026-09-08,2026-09-08,Hull City U21,Brentford U21,20084,20079,PENDIENTE,,,Doble Oportunidad,X2,0.848
20084_20079_2026-09-08,2026-09-08,Hull City U21,Brentford U21,20084,20079,PENDIENTE,,,Goles,+1.5 Goles,0.888
16156_16157_2026-09-08,2026-09-08,Ruggell II,Schaan,16156,16157,PENDIENTE,,,Doble Oportunidad,1X,0.885
12952_25933_2026-09-08,2026-09-08,Atlético Mineiro U20,Sobradinho U20,12952,25933,PENDIENTE,,,Doble Oportunidad,1X,0.886
12954_23274_2026-09-08,2026-09-08,Bahia U20,Atlético Alagoinhas U20,12954,23274,PENDIENTE,,,Doble Oportunidad,1X,0.842
12954_23274_2026-09-08,2026-09-08,Bahia U20,Atlético Alagoinhas U20,12954,23274,PENDIENTE,,,Goles,+1.5 Goles,0.833
11054_18333_2026-09-08,2026-09-08,Flamengo U20,Forte U20,11054,18333,PENDIENTE,,,Doble Oportunidad,1X,0.854
8893_8685_2026-09-08,2026-09-08,Pagham,Ascot United,8893,8685,PENDIENTE,,,Goles,-3.5 Goles,0.851
8699_16992_2026-09-08,2026-09-08,Barton Town Old Boys,North Ferriby,8699,16992,PENDIENTE,,,Mega-Misil SGBB,1X_U45,0.914
8699_16992_2026-09-08,2026-09-08,Barton Town Old Boys,North Ferriby,8699,16992,PENDIENTE,,,Doble Oportunidad,1X,0.95
8699_16992_2026-09-08,2026-09-08,Barton Town Old Boys,North Ferriby,8699,16992,PENDIENTE,,,Goles,-3.5 Goles,0.891
8699_16992_2026-09-08,2026-09-08,Barton Town Old Boys,North Ferriby,8699,16992,PENDIENTE,,,Ambos Anotan,No,0.808
8711_24335_2026-09-08,2026-09-08,Boldmere St. Michaels,Bourne Town,8711,24335,PENDIENTE,,,Doble Oportunidad,X2,0.855
7216_8658_2026-09-08,2026-09-08,Brentwood Town,Concord Rangers,7216,8658,PENDIENTE,,,Goles,-3.5 Goles,0.861
19549_7267_2026-09-08,2026-09-08,Buckhurst Hill,Yaxley,19549,7267,PENDIENTE,,,Goles,-3.5 Goles,0.868
4690_7261_2026-09-08,2026-09-08,Dartford,Westfield (Surrey),4690,7261,PENDIENTE,,,Goles,-3.5 Goles,0.87
8781_7678_2026-09-08,2026-09-08,Fakenham Town,Ware,8781,7678,PENDIENTE,,,Goles,+1.5 Goles,0.849
7642_7759_2026-09-08,2026-09-08,Felixstowe & Walton Utd,Wingate & Finchley,7642,7759,PENDIENTE,,,Goles,-3.5 Goles,0.864
1824_8953_2026-09-08,2026-09-08,Guiseley AFC,Stockton Town,1824,8953,PENDIENTE,,,Doble Oportunidad,1X,0.822
1824_8953_2026-09-08,2026-09-08,Guiseley AFC,Stockton Town,1824,8953,PENDIENTE,,,Goles,+1.5 Goles,0.855
16987_7217_2026-09-08,2026-09-08,Jersey Bulls,Burgess Hill Town,16987,7217,PENDIENTE,,,Goles,-3.5 Goles,0.944
8654_8989_2026-09-08,2026-09-08,Kettering Town,Wellingborough Town,8654,8989,PENDIENTE,,,Doble Oportunidad,1X,0.804
7727_7228_2026-09-08,2026-09-08,Leiston,Grays Athletic,7727,7228,PENDIENTE,,,Doble Oportunidad,1X,0.862
7727_7228_2026-09-08,2026-09-08,Leiston,Grays Athletic,7727,7228,PENDIENTE,,,Goles,+1.5 Goles,0.839
24346_7758_2026-09-08,2026-09-08,Portishead Town,Wimborne Town,24346,7758,PENDIENTE,,,Goles,-3.5 Goles,0.977
24346_7758_2026-09-08,2026-09-08,Portishead Town,Wimborne Town,24346,7758,PENDIENTE,,,Ambos Anotan,No,0.817
7756_8932_2026-09-08,2026-09-08,Warrington Town,Shildon AFC,7756,8932,PENDIENTE,,,Goles,+1.5 Goles,0.808
7262_8760_2026-09-08,2026-09-08,Whyteleafe,Crowborough Athletic,7262,8760,PENDIENTE,,,Goles,+1.5 Goles,0.805
9010_18201_2026-09-08,2026-09-08,Worcester City,Knowle,9010,18201,PENDIENTE,,,Goles,-3.5 Goles,0.931
8708_11936_2026-09-08,2026-09-08,Bishop Auckland,AFC Emley,8708,11936,PENDIENTE,,,Goles,-3.5 Goles,0.869
5354_11112_2026-09-08,2026-09-08,Larne,Bangor,5354,11112,PENDIENTE,,,Doble Oportunidad,1X,0.803
5354_11112_2026-09-08,2026-09-08,Larne,Bangor,5354,11112,PENDIENTE,,,Goles,+1.5 Goles,0.871
43_75_2026-09-08,2026-09-08,Cardiff,Stoke City,43,75,PENDIENTE,,,Goles,+1.5 Goles,0.899
41_76_2026-09-08,2026-09-08,Southampton,Swansea,41,76,PENDIENTE,,,Goles,+1.5 Goles,0.846
68_48_2026-09-08,2026-09-08,Bolton,West Ham,68,48,PENDIENTE,,,Doble Oportunidad,X2,0.812
68_48_2026-09-08,2026-09-08,Bolton,West Ham,68,48,PENDIENTE,,,Goles,+1.5 Goles,0.817
4688_4684_2026-09-08,2026-09-08,AFC Telford United,Oxford City,4688,4684,PENDIENTE,,,Doble Oportunidad,X2,0.877
7706_4701_2026-09-08,2026-09-08,Buxton,Brackley Town,7706,4701,PENDIENTE,,,Goles,+1.5 Goles,0.806
4679_10157_2026-09-08,2026-09-08,Chorley,Darlington 1883,4679,10157,PENDIENTE,,,Goles,+1.5 Goles,0.849
8655_7721_2026-09-08,2026-09-08,King's Lynn Town,Hednesford Town,8655,7721,PENDIENTE,,,Goles,+1.5 Goles,0.811
1380_7745_2026-09-08,2026-09-08,Macclesfield,Scarborough Athletic,1380,7745,PENDIENTE,,,Goles,+1.5 Goles,0.859
4707_7671_2026-09-08,2026-09-08,Spennymoor Town,Spalding United,4707,7671,PENDIENTE,,,Doble Oportunidad,X2,0.807
4702_4678_2026-09-08,2026-09-08,Chesham United,Billericay Town,4702,4678,PENDIENTE,,,Goles,+1.5 Goles,0.841
1821_1829_2026-09-08,2026-09-08,Dagenham & Redbridge,Dover,1821,1829,PENDIENTE,,,Goles,+1.5 Goles,0.804
4680_7715_2026-09-08,2026-09-08,Hampton & Richmond,Farnborough,4680,7715,PENDIENTE,,,Goles,+1.5 Goles,0.904
7744_4685_2026-09-08,2026-09-08,Salisbury,Slough Town,7744,4685,PENDIENTE,,,Doble Oportunidad,1X,0.818
7744_4685_2026-09-08,2026-09-08,Salisbury,Slough Town,7744,4685,PENDIENTE,,,Goles,+1.5 Goles,0.889
8662_1825_2026-09-08,2026-09-08,Tonbridge Angels,Maidstone Utd,8662,1825,PENDIENTE,,,Goles,+1.5 Goles,0.881
4668_6783_2026-09-08,2026-09-08,Airdrie United,St. Mirren U21,4668,6783,PENDIENTE,,,Ganador Directo,Gana St. Mirren U21,0.759
4668_6783_2026-09-08,2026-09-08,Airdrie United,St. Mirren U21,4668,6783,PENDIENTE,,,Doble Oportunidad,X2,0.903
4668_6783_2026-09-08,2026-09-08,Airdrie United,St. Mirren U21,4668,6783,PENDIENTE,,,Goles,+1.5 Goles,0.939
4668_6783_2026-09-08,2026-09-08,Airdrie United,St. Mirren U21,4668,6783,PENDIENTE,,,Goles,+2.5 Goles,0.81
6757_6776_2026-09-08,2026-09-08,Annan Athletic,Motherwell U21,6757,6776,PENDIENTE,,,Goles,+1.5 Goles,0.915
6729_4250_2026-09-08,2026-09-08,Banks O' Dee,Forfar Athletic,6729,4250,PENDIENTE,,,Goles,+1.5 Goles,0.896
6759_6772_2026-09-08,2026-09-08,Berwick Rangers,Hibernian U21,6759,6772,PENDIENTE,,,Goles,+1.5 Goles,0.851
6762_6764_2026-09-08,2026-09-08,Clyde,East Fife,6762,6764,PENDIENTE,,,Goles,+1.5 Goles,0.81
17025_1391_2026-09-08,2026-09-08,Clydebank,Alloa Athletic,17025,1391,PENDIENTE,,,Doble Oportunidad,1X,0.867
17025_1391_2026-09-08,2026-09-08,Clydebank,Alloa Athletic,17025,1391,PENDIENTE,,,Goles,+1.5 Goles,0.906
6763_1382_2026-09-08,2026-09-08,Cove Rangers,Dumbarton,6763,1382,PENDIENTE,,,Doble Oportunidad,1X,0.826
6763_1382_2026-09-08,2026-09-08,Cove Rangers,Dumbarton,6763,1382,PENDIENTE,,,Goles,+1.5 Goles,0.844
4667_19158_2026-09-08,2026-09-08,Cowdenbeath,Kilmarnock II,4667,19158,PENDIENTE,,,Goles,+1.5 Goles,0.945
4667_19158_2026-09-08,2026-09-08,Cowdenbeath,Kilmarnock II,4667,19158,PENDIENTE,,,Goles,+2.5 Goles,0.82
4667_19158_2026-09-08,2026-09-08,Cowdenbeath,Kilmarnock II,4667,19158,PENDIENTE,,,Ambos Anotan,Sí,0.804
7436_6773_2026-09-08,2026-09-08,Cumbernauld Colts,Kelty Hearts,7436,6773,PENDIENTE,,,Goles,+1.5 Goles,0.861
6765_7431_2026-09-08,2026-09-08,East Kilbride,Bonnyrigg Rose Athletic,6765,7431,PENDIENTE,,,Goles,+1.5 Goles,0.803
6767_6769_2026-09-08,2026-09-08,Elgin City,Fraserburgh,6767,6769,PENDIENTE,,,Goles,+1.5 Goles,0.868
6768_16852_2026-09-08,2026-09-08,Formartine United,Dundee United II,6768,16852,PENDIENTE,,,Ganador Directo,Gana Formartine United,0.837
6768_16852_2026-09-08,2026-09-08,Formartine United,Dundee United II,6768,16852,PENDIENTE,,,Doble Oportunidad,1X,0.959
6768_16852_2026-09-08,2026-09-08,Formartine United,Dundee United II,6768,16852,PENDIENTE,,,Goles,+1.5 Goles,0.878
7443_6771_2026-09-08,2026-09-08,Gala Fairydean Rovers,Hearts U21,7443,6771,PENDIENTE,,,Goles,+1.5 Goles,0.976
7443_6771_2026-09-08,2026-09-08,Gala Fairydean Rovers,Hearts U21,7443,6771,PENDIENTE,,,Goles,+2.5 Goles,0.904
7443_6771_2026-09-08,2026-09-08,Gala Fairydean Rovers,Hearts U21,7443,6771,PENDIENTE,,,Ambos Anotan,Sí,0.872
4251_16851_2026-09-08,2026-09-08,Montrose,Dundee II,4251,16851,PENDIENTE,,,Ganador Directo,Gana Montrose,0.753
4251_16851_2026-09-08,2026-09-08,Montrose,Dundee II,4251,16851,PENDIENTE,,,Doble Oportunidad,1X,0.924
4251_16851_2026-09-08,2026-09-08,Montrose,Dundee II,4251,16851,PENDIENTE,,,Goles,+1.5 Goles,0.848
6777_7435_2026-09-08,2026-09-08,Peterhead,Clachnacuddin,6777,7435,PENDIENTE,,,Goles,+1.5 Goles,0.848
902_6755_2026-09-08,2026-09-08,Ross County,Aberdeen U21,902,6755,PENDIENTE,,,Doble Oportunidad,1X,0.864
902_6755_2026-09-08,2026-09-08,Ross County,Aberdeen U21,902,6755,PENDIENTE,,,Goles,+1.5 Goles,0.843
4669_6779_2026-09-08,2026-09-08,Stirling Albion,Rangers U21,4669,6779,PENDIENTE,,,Doble Oportunidad,X2,0.803
4669_6779_2026-09-08,2026-09-08,Stirling Albion,Rangers U21,4669,6779,PENDIENTE,,,Goles,+1.5 Goles,0.868
5299_5300_2026-09-08,2026-09-08,Domagnano,Faetano,5299,5300,PENDIENTE,,,Mega-Misil SGBB,1X_O15,0.855
5299_5300_2026-09-08,2026-09-08,Domagnano,Faetano,5299,5300,PENDIENTE,,,Ganador Directo,Gana Domagnano,0.95
5299_5300_2026-09-08,2026-09-08,Domagnano,Faetano,5299,5300,PENDIENTE,,,Doble Oportunidad,1X,0.998
5299_5300_2026-09-08,2026-09-08,Domagnano,Faetano,5299,5300,PENDIENTE,,,Goles,+1.5 Goles,0.856
5299_5300_2026-09-08,2026-09-08,Domagnano,Faetano,5299,5300,PENDIENTE,,,Ambos Anotan,No,0.909
5307_5298_2026-09-08,2026-09-08,San Giovanni,Cosmos,5307,5298,PENDIENTE,,,Goles,+1.5 Goles,0.811
700_5302_2026-09-08,2026-09-08,Tre Penne,Juvenes / Dogana,700,5302,PENDIENTE,,,Doble Oportunidad,1X,0.807
52_70_2026-09-08,2026-09-08,Crystal Palace,Middlesbrough,52,70,PENDIENTE,,,Doble Oportunidad,X2,0.866
52_70_2026-09-08,2026-09-08,Crystal Palace,Middlesbrough,52,70,PENDIENTE,,,Goles,+1.5 Goles,0.814
746_64_2026-09-08,2026-09-08,Sunderland,Hull City,746,64,PENDIENTE,,,Goles,-3.5 Goles,0.939
58_34_2026-09-08,2026-09-08,Millwall,Newcastle,58,34,PENDIENTE,,,Goles,+1.5 Goles,0.805
17743_17760_2026-09-08,2026-09-08,ABB,San Antonio Bulo Bulo,17743,17760,PENDIENTE,,,Doble Oportunidad,1X,0.805
17743_17760_2026-09-08,2026-09-08,ABB,San Antonio Bulo Bulo,17743,17760,PENDIENTE,,,Goles,+1.5 Goles,0.823
3707_3704_2026-09-08,2026-09-08,Oriente Petrolero,Guabirá,3707,3704,PENDIENTE,,,Doble Oportunidad,1X,0.89
3707_3704_2026-09-08,2026-09-08,Oriente Petrolero,Guabirá,3707,3704,PENDIENTE,,,Goles,+1.5 Goles,0.901
24473_25807_2026-09-08,2026-09-08,Botafogo U17,Vasco U17,24473,25807,PENDIENTE,,,Goles,+1.5 Goles,0.941
24473_25807_2026-09-08,2026-09-08,Botafogo U17,Vasco U17,24473,25807,PENDIENTE,,,Goles,+2.5 Goles,0.812
2340_2322_2026-09-08,2026-09-08,Union San Felipe,San Luis,2340,2322,PENDIENTE,,,Mega-Misil SGBB,X2_U35,0.859
2340_2322_2026-09-08,2026-09-08,Union San Felipe,San Luis,2340,2322,PENDIENTE,,,Mega-Misil SGBB,X2_U45,0.892
2340_2322_2026-09-08,2026-09-08,Union San Felipe,San Luis,2340,2322,PENDIENTE,,,Doble Oportunidad,X2,0.902
2340_2322_2026-09-08,2026-09-08,Union San Felipe,San Luis,2340,2322,PENDIENTE,,,Goles,-3.5 Goles,0.955
2340_2322_2026-09-08,2026-09-08,Union San Felipe,San Luis,2340,2322,PENDIENTE,,,Ambos Anotan,No,0.82
2316_2321_2026-09-08,2026-09-08,Curico Unido,Union Espanola,2316,2321,PENDIENTE,,,Goles,-3.5 Goles,0.897
22940_15727_2026-09-08,2026-09-08,Internacional Palmira W,La Equidad W,22940,15727,PENDIENTE,,,Goles,+1.5 Goles,0.834
124_1064_2026-09-08,2026-09-08,Fluminense,Platense,124,1064,PENDIENTE,,,Goles,-3.5 Goles,0.906
451_126_2026-09-08,2026-09-08,Boca Juniors,Sao Paulo,451,126,PENDIENTE,,,Goles,-3.5 Goles,0.867
12561_16139_2026-09-08,2026-09-08,Club Sando,Delfines Del Este,12561,16139,PENDIENTE,,,Doble Oportunidad,1X,0.842
12561_16139_2026-09-08,2026-09-08,Club Sando,Delfines Del Este,12561,16139,PENDIENTE,,,Goles,-3.5 Goles,0.92
3995_3992_2026-09-08,2026-09-08,Hartford Athletic,Colorado Springs,3995,3992,PENDIENTE,,,Goles,+1.5 Goles,0.854
4017_4000_2026-09-08,2026-09-08,San Antonio,Louisville City,4017,4000,PENDIENTE,,,Goles,-3.5 Goles,0.889
140_152_2026-09-08,2026-09-08,Criciuma,Juventude,140,152,PENDIENTE,,,Goles,-3.5 Goles,0.931
23326_1468_2026-09-08,2026-09-08,Internacional Palmira,Depor FC,23326,1468,PENDIENTE,,,Doble Oportunidad,X2,0.831
