League,LeagueId,Country,Round,EsEliminatoria,Date,HomeTeamId,AwayTeamId,HomeTeam,AwayTeam,FTHG,FTAG,HTHG,HTAG,HC,AC,HY,AY,HR,AR,HS,AS,Referee
La Liga 2,,,,False,2026-05-31,723.0,720.0,Almeria,Valladolid,1.0,0.0,,,2.0,2.0,2.0,4.0,0.0,0.0,25.0,8.0,Desconocido
Friendly,,,,False,2026-05-31,,,Brazil,Panama,6.0,2.0,,,,,,,,,,,Desconocido
La Liga 2,,,,False,2026-05-31,9580.0,1110.0,Burgos,Andorra,1.0,0.0,,,2.0,2.0,2.0,2.0,0.0,0.0,11.0,13.0,Desconocido
Friendly,,,,False,2026-05-31,,14.0,Cape Verde,Serbia,3.0,0.0,,,,,,,,,,,Desconocido
La Liga 2,,,,False,2026-05-31,,545.0,Castellon,Eibar,2.0,1.0,,,8.0,6.0,0.0,1.0,0.0,0.0,21.0,12.0,Desconocido
La Liga 2,,,,False,2026-05-31,713.0,726.0,Cordoba,Huesca,1.0,1.0,,,9.0,4.0,2.0,3.0,0.0,0.0,22.0,13.0,Desconocido
Friendly,,,,False,2026-05-31,,1111.0,Czech Republic,Kosovo,2.0,1.0,,,,,,,,,,,Desconocido
Friendly,,,,False,2026-05-31,25.0,,Germany,Finland,4.0,0.0,,,,,,,,,,,Desconocido
Friendly,,,,False,2026-05-31,12.0,,Japan,Iceland,1.0,0.0,,,,,,,,,,,Desconocido
La Liga 2,,,,False,2026-05-31,,534.0,La Coruna,Las Palmas,1.0,2.0,,,1.0,5.0,1.0,0.0,0.0,0.0,6.0,5.0,Desconocido
La Liga 2,,,,False,2026-05-31,537.0,799.0,Leganes,Mirandes,1.0,0.0,,,5.0,3.0,3.0,5.0,0.0,0.0,7.0,12.0,Desconocido
Friendly,,,,False,2026-05-31,,,Poland,Ukraine,0.0,2.0,,,,,,,,,,,Desconocido
La Liga 2,,,,False,2026-05-31,,724.0,Santander,Cadiz,4.0,1.0,,,3.0,3.0,0.0,0.0,0.0,0.0,21.0,12.0,Desconocido
Friendly,,,,False,2026-05-31,1546.0,,Singapore,Mongolia,4.0,0.0,,,,,,,,,,,Desconocido
Friendly,,,,False,2026-05-31,15.0,,Switzerland,Jordan,4.0,1.0,,,,,,,,,,,Desconocido
Friendly,,,,False,2026-05-31,,,United States,Senegal,3.0,2.0,,,,,,,,,,,Desconocido
La Liga 2,,,,False,2026-05-31,732.0,535.0,Zaragoza,Malaga,0.0,2.0,,,3.0,6.0,1.0,1.0,0.0,0.0,5.0,17.0,Desconocido
La Liga 2,,,,False,2026-05-30,,722.0,Ceuta,Albacete,1.0,0.0,,,6.0,4.0,2.0,0.0,0.0,0.0,8.0,11.0,Desconocido
Friendly,,,,False,2026-05-30,2382.0,23.0,Ecuador,Saudi Arabia,2.0,1.0,,,,,,,,,,,Desconocido
La Liga 2,,,,False,2026-05-30,22018.0,,Granada,Sp Gijon,1.0,2.0,,,2.0,5.0,1.0,2.0,0.0,0.0,10.0,8.0,Desconocido
Friendly,,,,False,2026-05-30,,,Mexico,Australia,1.0,0.0,,,,,,,,,,,Desconocido
Unity Cup,,,,False,2026-05-30,,,Nigeria,Jamaica,3.0,0.0,,,,,,,,,,,Desconocido
Friendly,,,,False,2026-05-30,,5530.0,Scotland,Curaçao,4.0,1.0,,,,,,,,,,,Desconocido
La Liga 2,,,,False,2026-05-30,,725.0,Sociedad B,Cultural Leonesa,1.0,1.0,,,6.0,4.0,1.0,0.0,0.0,0.0,12.0,11.0,Desconocido
Friendly,,,,False,2026-05-30,17.0,5168.0,South Korea,Trinidad and Tobago,5.0,0.0,,,,,,,,,,,Desconocido
Unity Cup,,,,False,2026-05-30,1522.0,,Zimbabwe,India,1.0,0.0,,,,,,,,,,,Desconocido
Friendly,,,,False,2026-05-29,1110.0,1567.0,Andorra,Iraq,0.0,1.0,,,,,,,,,,,Desconocido
Friendly,,,,False,2026-05-29,,,Bosnia and Herzegovina,North Macedonia,0.0,0.0,,,,,,,,,,,Desconocido
Friendly,,,,False,2026-05-29,22.0,,Iran,Gambia,3.0,1.0,,,,,,,,,,,Desconocido
Friendly,,,,False,2026-05-29,,5164.0,South Africa,Nicaragua,0.0,0.0,,,,,,,,,,,Desconocido
Friendly,,,,False,2026-05-28,,,Egypt,Russia,1.0,0.0,,,,,,,,,,,Desconocido
Friendly,,,,False,2026-05-28,,1569.0,Republic of Ireland,Qatar,1.0,0.0,,,,,,,,,,,Desconocido
Unity Cup,,,,False,2026-05-27,,,India,Jamaica,0.0,2.0,,,,,,,,,,,Desconocido
Friendly,,,,False,2026-05-26,,,Morocco,Burundi,5.0,0.0,,,,,,,,,,,Desconocido
Unity Cup,,,,False,2026-05-26,,1522.0,Nigeria,Zimbabwe,2.0,0.0,,,,,,,,,,,Desconocido
La Liga 2,,,,False,2026-05-24,722.0,,Albacete,Sociedad B,3.0,1.0,,,6.0,6.0,1.0,0.0,0.0,0.0,20.0,12.0,Desconocido
La Liga 2,,,,False,2026-05-24,1110.0,,Andorra,Ceuta,0.0,2.0,,,2.0,0.0,6.0,3.0,1.0,0.0,11.0,4.0,Desconocido
Premier League,569.0,,,False,2026-05-24,51.0,,Brighton,Man United,0.0,3.0,,,0.0,3.0,0.0,1.0,0.0,0.0,13.0,11.0,Desconocido
Premier League,569.0,,,False,2026-05-24,44.0,39.0,Burnley,Wolves,1.0,1.0,,,7.0,7.0,2.0,2.0,0.0,0.0,16.0,16.0,Desconocido
La Liga 2,,,,False,2026-05-24,724.0,537.0,Cadiz,Leganes,3.0,0.0,,,4.0,6.0,5.0,4.0,0.0,0.0,12.0,12.0,Desconocido
Jupiler Pro League,144.0,,,False,2026-05-24,,631.0,Club Brugge,Gent,5.0,0.0,,,5.0,8.0,0.0,1.0,0.0,0.0,26.0,14.0,Desconocido
Serie A,71.0,,,False,2026-05-24,520.0,895.0,Cremonese,Como,1.0,4.0,,,2.0,4.0,4.0,2.0,3.0,0.0,6.0,15.0,Desconocido
Premier League,569.0,,,False,2026-05-24,52.0,9419.0,Crystal Palace,Arsenal,1.0,2.0,,,3.0,4.0,0.0,1.0,0.0,0.0,8.0,17.0,Desconocido
La Liga 2,,,,False,2026-05-24,725.0,9580.0,Cultural Leonesa,Burgos,0.0,2.0,,,9.0,0.0,4.0,3.0,0.0,0.0,16.0,9.0,Desconocido
La Liga 2,,,,False,2026-05-24,545.0,713.0,Eibar,Cordoba,2.0,0.0,,,2.0,13.0,2.0,3.0,0.0,0.0,9.0,20.0,Desconocido
Premier League,569.0,,,False,2026-05-24,36.0,34.0,Fulham,Newcastle,2.0,0.0,,,6.0,6.0,2.0,2.0,0.0,0.0,21.0,7.0,Desconocido
La Liga 2,,,,False,2026-05-24,726.0,,Huesca,Castellon,0.0,1.0,,,2.0,9.0,4.0,0.0,0.0,0.0,7.0,16.0,Desconocido
La Liga 2,,,,False,2026-05-24,534.0,732.0,Las Palmas,Zaragoza,1.0,1.0,,,4.0,6.0,0.0,5.0,0.0,0.0,13.0,8.0,Desconocido
Serie A,71.0,,,False,2026-05-24,867.0,495.0,Lecce,Genoa,1.0,0.0,,,1.0,6.0,2.0,0.0,0.0,0.0,9.0,8.0,Desconocido
Premier League,569.0,,,False,2026-05-24,40.0,55.0,Liverpool,Brentford,1.0,1.0,,,14.0,2.0,2.0,3.0,0.0,0.0,24.0,11.0,Desconocido
La Liga 2,,,,False,2026-05-24,535.0,,Malaga,Santander,1.0,1.0,,,5.0,7.0,1.0,5.0,0.0,0.0,17.0,21.0,Desconocido
Premier League,569.0,,,False,2026-05-24,,66.0,Man City,Aston Villa,1.0,2.0,,,9.0,4.0,1.0,0.0,0.0,0.0,16.0,12.0,Desconocido
Serie A,71.0,,,False,2026-05-24,,490.0,Milan,Cagliari,1.0,2.0,,,5.0,5.0,2.0,2.0,0.0,0.0,16.0,25.0,Desconocido
La Liga 2,,,,False,2026-05-24,799.0,22018.0,Mirandes,Granada,3.0,1.0,,,5.0,6.0,1.0,4.0,0.0,0.0,18.0,10.0,Desconocido
Serie A,71.0,,,False,2026-05-24,492.0,494.0,Napoli,Udinese,1.0,0.0,,,3.0,3.0,0.0,3.0,0.0,1.0,14.0,10.0,Desconocido
Premier League,569.0,,,False,2026-05-24,,35.0,Nott'm Forest,Bournemouth,1.0,1.0,,,6.0,3.0,1.0,1.0,0.0,0.0,15.0,17.0,Desconocido
Serie A,71.0,,,False,2026-05-24,523.0,488.0,Parma,Sassuolo,1.0,0.0,,,1.0,1.0,2.0,2.0,0.0,0.0,16.0,6.0,Desconocido
La Liga 2,,,,False,2026-05-24,,723.0,Sp Gijon,Almeria,3.0,1.0,,,4.0,8.0,4.0,5.0,0.0,0.0,13.0,20.0,Desconocido
Jupiler Pro League,144.0,,,False,2026-05-24,,,St Truiden,Mechelen,3.0,0.0,,,2.0,2.0,2.0,2.0,0.0,0.0,11.0,7.0,Desconocido
Jupiler Pro League,144.0,,,False,2026-05-24,,554.0,St. Gilloise,Anderlecht,5.0,1.0,,,4.0,1.0,2.0,2.0,0.0,1.0,22.0,9.0,Desconocido
Premier League,569.0,,,False,2026-05-24,746.0,49.0,Sunderland,Chelsea,2.0,1.0,,,7.0,7.0,3.0,2.0,0.0,0.0,20.0,10.0,Desconocido
Serie A,71.0,,,False,2026-05-24,503.0,10019.0,Torino,Juventus,2.0,2.0,,,6.0,6.0,1.0,2.0,0.0,0.0,12.0,17.0,Desconocido
Premier League,569.0,,,False,2026-05-24,47.0,45.0,Tottenham,Everton,1.0,0.0,,,6.0,2.0,5.0,3.0,0.0,1.0,21.0,8.0,Desconocido
La Liga 2,,,,False,2026-05-24,720.0,,Valladolid,La Coruna,0.0,2.0,,,6.0,3.0,5.0,1.0,1.0,0.0,15.0,9.0,Desconocido
Serie A,71.0,,,False,2026-05-24,,,Verona,Roma,0.0,2.0,,,6.0,6.0,3.0,1.0,1.0,0.0,8.0,19.0,Desconocido
La Liga,140.0,,,False,2026-05-24,533.0,,Villarreal,Ath Madrid,5.0,1.0,,,5.0,9.0,0.0,1.0,0.0,0.0,14.0,9.0,Desconocido
Premier League,569.0,,,False,2026-05-24,48.0,63.0,West Ham,Leeds,3.0,0.0,,,6.0,4.0,0.0,3.0,0.0,0.0,16.0,13.0,Desconocido
La Liga,140.0,,,False,2026-05-23,542.0,,Alaves,Vallecano,1.0,2.0,,,10.0,5.0,3.0,3.0,0.0,0.0,19.0,15.0,Desconocido
Jupiler Pro League,144.0,,,False,2026-05-23,740.0,,Antwerp,Westerlo,2.0,0.0,,,6.0,6.0,3.0,2.0,0.0,0.0,17.0,8.0,Desconocido
La Liga,140.0,,,False,2026-05-23,,539.0,Betis,Levante,2.0,1.0,,,4.0,8.0,1.0,2.0,0.0,0.0,18.0,15.0,Desconocido
Serie A,71.0,,,False,2026-05-23,500.0,505.0,Bologna,Inter,3.0,3.0,,,1.0,4.0,0.0,2.0,0.0,0.0,11.0,11.0,Desconocido
La Liga,140.0,,,False,2026-05-23,,536.0,Celta,Sevilla,1.0,0.0,,,4.0,3.0,1.0,1.0,0.0,0.0,12.0,9.0,Desconocido
La Liga,140.0,,,False,2026-05-23,,,Espanol,Sociedad,1.0,1.0,,,3.0,5.0,1.0,3.0,0.0,0.0,17.0,9.0,Desconocido
La Liga,140.0,,,False,2026-05-23,546.0,727.0,Getafe,Osasuna,1.0,0.0,,,2.0,4.0,1.0,2.0,0.0,0.0,6.0,11.0,Desconocido
La Liga,140.0,,,False,2026-05-23,547.0,797.0,Girona,Elche,1.0,1.0,,,2.0,1.0,4.0,4.0,0.0,0.0,10.0,3.0,Desconocido
Serie A,71.0,,,False,2026-05-23,487.0,801.0,Lazio,Pisa,2.0,1.0,,,5.0,1.0,2.0,1.0,0.0,0.0,15.0,8.0,Desconocido
La Liga,140.0,,,False,2026-05-23,798.0,718.0,Mallorca,Oviedo,3.0,0.0,,,5.0,5.0,2.0,1.0,0.0,0.0,23.0,7.0,Desconocido
Jupiler Pro League,144.0,,,False,2026-05-23,,742.0,Oud-Heverlee Leuven,Genk,0.0,2.0,,,4.0,4.0,0.0,2.0,0.0,0.0,15.0,11.0,Desconocido
La Liga,140.0,,,False,2026-05-23,541.0,,Real Madrid,Ath Bilbao,4.0,2.0,,,2.0,1.0,2.0,0.0,0.0,0.0,13.0,8.0,Desconocido
Jupiler Pro League,144.0,,,False,2026-05-23,,736.0,Standard,Charleroi,0.0,2.0,,,6.0,9.0,3.0,5.0,0.0,1.0,7.0,13.0,Desconocido
La Liga,140.0,,,False,2026-05-23,532.0,529.0,Valencia,Barcelona,3.0,1.0,,,7.0,8.0,2.0,2.0,0.0,0.0,19.0,11.0,Desconocido
Serie A,71.0,,,False,2026-05-22,502.0,499.0,Fiorentina,Atalanta,1.0,1.0,,,3.0,3.0,0.0,2.0,0.0,0.0,11.0,21.0,Desconocido
Friendly,,,,False,2026-05-22,,1504.0,Mexico,Ghana,2.0,0.0,,,,,,,,,,,Desconocido
Jupiler Pro League,144.0,,,False,2026-05-21,554.0,,Anderlecht,St Truiden,3.0,1.0,,,8.0,9.0,2.0,2.0,0.0,0.0,20.0,12.0,Desconocido
Super League Greece,,,,False,2026-05-21,12260.0,2099.0,Atromitos,Panserraikos,6.0,0.0,,,3.0,4.0,0.0,0.0,0.0,0.0,15.0,5.0,Desconocido
Jupiler Pro League,144.0,,,False,2026-05-21,631.0,,Gent,St. Gilloise,0.0,0.0,,,8.0,5.0,4.0,0.0,0.0,0.0,9.0,15.0,Desconocido
Super League Greece,,,,False,2026-05-21,5050.0,953.0,Kifisia,Larisa,3.0,2.0,,,6.0,2.0,1.0,1.0,0.0,0.0,21.0,16.0,Desconocido
Jupiler Pro League,144.0,,,False,2026-05-21,,,Mechelen,Club Brugge,2.0,2.0,,,3.0,5.0,1.0,2.0,0.0,0.0,14.0,18.0,Desconocido
Super League Greece,,,,False,2026-05-21,949.0,955.0,Panetolikos,Asteras Tripolis,1.0,2.0,,,5.0,7.0,1.0,5.0,0.0,1.0,19.0,11.0,Desconocido
Premier League,569.0,,,False,2026-05-19,35.0,,Bournemouth,Man City,1.0,1.0,,,7.0,6.0,4.0,2.0,0.0,0.0,10.0,14.0,Desconocido
Jupiler Pro League,144.0,,,False,2026-05-19,736.0,,Charleroi,Oud-Heverlee Leuven,1.0,1.0,,,14.0,6.0,0.0,0.0,0.0,0.0,23.0,11.0,Desconocido
Premier League,569.0,,,False,2026-05-19,49.0,47.0,Chelsea,Tottenham,2.0,1.0,,,3.0,4.0,4.0,3.0,0.0,0.0,9.0,9.0,Desconocido
Jupiler Pro League,144.0,,,False,2026-05-19,742.0,740.0,Genk,Antwerp,0.0,0.0,,,11.0,3.0,0.0,2.0,0.0,0.0,34.0,13.0,Desconocido
Jupiler Pro League,144.0,,,False,2026-05-19,,,Westerlo,Standard,1.0,2.0,,,6.0,1.0,3.0,2.0,0.0,0.0,24.0,12.0,Desconocido
Premier League,569.0,,,False,2026-05-18,9419.0,44.0,Arsenal,Burnley,1.0,0.0,,,3.0,3.0,1.0,3.0,0.0,0.0,13.0,5.0,Desconocido
La Liga 2,,,,False,2026-05-18,537.0,726.0,Leganes,Huesca,0.0,0.0,,,3.0,7.0,2.0,2.0,0.0,0.0,13.0,10.0,Desconocido
Super League Greece,,,,False,2026-05-17,,3415.0,AEK,Olympiakos,1.0,1.0,,,4.0,3.0,3.0,3.0,0.0,0.0,11.0,13.0,Desconocido
Eredivisie,88.0,,,False,2026-05-17,201.0,203.0,AZ Alkmaar,NAC Breda,3.0,3.0,,,7.0,6.0,1.0,1.0,0.0,0.0,16.0,17.0,Desconocido
Jupiler Pro League,144.0,,,False,2026-05-17,554.0,,Anderlecht,Mechelen,2.0,2.0,,,2.0,2.0,0.0,4.0,0.0,0.0,13.0,9.0,Desconocido
Turkey Super Lig,,,,False,2026-05-17,1005.0,7411.0,Antalyaspor,Kocaelispor,1.0,0.0,,,2.0,4.0,6.0,6.0,0.0,0.0,16.0,7.0,Desconocido
Super League Greece,,,,False,2026-05-17,3408.0,,Aris,Levadeiakos,3.0,0.0,,,11.0,0.0,2.0,6.0,0.0,1.0,21.0,5.0,Desconocido
Serie A,71.0,,,False,2026-05-17,499.0,500.0,Atalanta,Bologna,0.0,1.0,,,2.0,5.0,1.0,1.0,0.0,0.0,10.0,10.0,Desconocido
La Liga,140.0,,,False,2026-05-17,,,Ath Bilbao,Celta,1.0,1.0,,,5.0,0.0,2.0,2.0,0.0,0.0,27.0,3.0,Desconocido
La Liga,140.0,,,False,2026-05-17,,547.0,Ath Madrid,Girona,1.0,0.0,,,9.0,8.0,2.0,0.0,0.0,0.0,17.0,25.0,Desconocido
La Liga,140.0,,,False,2026-05-17,529.0,,Barcelona,Betis,3.0,1.0,,,6.0,4.0,1.0,0.0,0.0,0.0,15.0,7.0,Desconocido
Bundesliga 2,,,,False,2026-05-17,,,Bielefeld,Hertha,6.0,1.0,,,9.0,2.0,3.0,0.0,0.0,0.0,27.0,9.0,Desconocido
Premier League,569.0,,,False,2026-05-17,55.0,52.0,Brentford,Crystal Palace,2.0,2.0,,,9.0,4.0,1.0,3.0,0.0,0.0,14.0,16.0,Desconocido
Ligue 1,61.0,,,False,2026-05-17,,77.0,Brest,Angers,1.0,1.0,,,6.0,3.0,1.0,1.0,0.0,0.0,18.0,8.0,Desconocido
Serie A,71.0,,,False,2026-05-17,490.0,503.0,Cagliari,Torino,2.0,1.0,,,5.0,1.0,1.0,1.0,0.0,0.0,13.0,10.0,Desconocido
Jupiler Pro League,144.0,,,False,2026-05-17,,,Club Brugge,St. Gilloise,5.0,0.0,,,6.0,10.0,1.0,2.0,0.0,0.0,17.0,22.0,Desconocido
Serie A,71.0,,,False,2026-05-17,895.0,523.0,Como,Parma,1.0,0.0,,,15.0,2.0,2.0,0.0,0.0,0.0,23.0,2.0,Desconocido
Bundesliga 2,,,,False,2026-05-17,,,Darmstadt,Paderborn,0.0,2.0,,,5.0,2.0,2.0,2.0,0.0,0.0,23.0,7.0,Desconocido
Bundesliga 2,,,,False,2026-05-17,,191.0,Dresden,Holstein Kiel,2.0,1.0,,,3.0,9.0,2.0,3.0,0.0,0.0,10.0,9.0,Desconocido
Premiership Escocia,,,,False,2026-05-17,253.0,252.0,Dundee,Aberdeen,3.0,2.0,,,7.0,2.0,0.0,0.0,0.0,0.0,11.0,9.0,Desconocido
La Liga,140.0,,,False,2026-05-17,797.0,546.0,Elche,Getafe,1.0,0.0,,,4.0,0.0,3.0,1.0,0.0,1.0,10.0,4.0,Desconocido
Bundesliga 2,,,,False,2026-05-17,,1313.0,Elversberg,Preußen Münster,3.0,0.0,,,6.0,2.0,1.0,1.0,0.0,0.0,11.0,5.0,Desconocido
Premier League,569.0,,,False,2026-05-17,45.0,746.0,Everton,Sunderland,1.0,3.0,,,3.0,2.0,3.0,0.0,0.0,0.0,10.0,7.0,Desconocido
Turkey Super Lig,,,,False,2026-05-17,,,Fenerbahce,Eyupspor,3.0,3.0,,,6.0,0.0,5.0,3.0,0.0,0.0,19.0,6.0,Desconocido
Serie A,71.0,,,False,2026-05-17,495.0,,Genoa,Milan,1.0,2.0,,,4.0,4.0,2.0,3.0,0.0,0.0,11.0,8.0,Desconocido
Bundesliga 2,,,,False,2026-05-17,,,Greuther Furth,Fortuna Dusseldorf,3.0,0.0,,,2.0,3.0,4.0,5.0,0.0,0.0,13.0,12.0,Desconocido
Bundesliga 2,,,,False,2026-05-17,,,Hannover,Nurnberg,3.0,3.0,,,8.0,7.0,3.0,5.0,0.0,0.0,23.0,18.0,Desconocido
Eredivisie,88.0,,,False,2026-05-17,210.0,194.0,Heerenveen,Ajax,0.0,0.0,,,10.0,6.0,0.0,3.0,0.0,0.0,16.0,23.0,Desconocido
Eredivisie,88.0,,,False,2026-05-17,206.0,202.0,Heracles,Groningen,1.0,2.0,,,9.0,5.0,1.0,1.0,0.0,0.0,11.0,16.0,Desconocido
Serie A,71.0,,,False,2026-05-17,505.0,,Inter,Verona,1.0,1.0,,,10.0,2.0,0.0,2.0,0.0,0.0,17.0,14.0,Desconocido
Serie A,71.0,,,False,2026-05-17,10019.0,502.0,Juventus,Fiorentina,0.0,2.0,,,6.0,2.0,1.0,3.0,0.0,1.0,26.0,10.0,Desconocido
Bundesliga 2,,,,False,2026-05-17,,,Karlsruhe,Bochum,1.0,2.0,,,11.0,2.0,2.0,4.0,0.0,0.0,16.0,11.0,Desconocido
Turkey Super Lig,,,,False,2026-05-17,,645.0,Kasimpasa,Galatasaray,1.0,0.0,,,2.0,7.0,0.0,1.0,0.0,0.0,5.0,12.0,Desconocido
Turkey Super Lig,,,,False,2026-05-17,1001.0,607.0,Kayserispor,Konyaspor,2.0,1.0,,,4.0,3.0,0.0,2.0,0.0,1.0,15.0,16.0,Desconocido
La Liga 2,,,,False,2026-05-17,,1110.0,La Coruna,Andorra,2.0,1.0,,,2.0,1.0,2.0,4.0,0.0,0.0,14.0,11.0,Desconocido
Premier League,569.0,,,False,2026-05-17,63.0,51.0,Leeds,Brighton,1.0,0.0,,,7.0,8.0,1.0,0.0,0.0,0.0,7.0,19.0,Desconocido
La Liga,140.0,,,False,2026-05-17,539.0,798.0,Levante,Mallorca,2.0,0.0,,,4.0,6.0,2.0,0.0,1.0,1.0,15.0,8.0,Desconocido
Ligue 1,61.0,,,False,2026-05-17,79.0,108.0,Lille,Auxerre,0.0,2.0,,,4.0,2.0,3.0,2.0,0.0,0.0,12.0,7.0,Desconocido
Premiership Escocia,,,,False,2026-05-17,255.0,250.0,Livingston,Kilmarnock,1.0,4.0,,,6.0,1.0,1.0,2.0,0.0,0.0,9.0,14.0,Desconocido
Ligue 1,61.0,,,False,2026-05-17,97.0,111.0,Lorient,Le Havre,0.0,2.0,,,5.0,1.0,2.0,1.0,0.0,0.0,12.0,7.0,Desconocido
Ligue 1,61.0,,,False,2026-05-17,80.0,116.0,Lyon,Lens,0.0,4.0,,,20.0,8.0,1.0,4.0,0.0,0.0,16.0,14.0,Desconocido
Bundesliga 2,,,,False,2026-05-17,,,Magdeburg,Kaiserslautern,0.0,1.0,,,3.0,0.0,2.0,2.0,0.0,0.0,13.0,8.0,Desconocido
Premier League,569.0,,,False,2026-05-17,,,Man United,Nott'm Forest,3.0,2.0,,,7.0,6.0,2.0,1.0,0.0,0.0,29.0,11.0,Desconocido
Ligue 1,61.0,,,False,2026-05-17,81.0,94.0,Marseille,Rennes,3.0,1.0,,,4.0,11.0,3.0,1.0,0.0,0.0,27.0,27.0,Desconocido
Ligue 1,61.0,,,False,2026-05-17,83.0,96.0,Nantes,Toulouse,0.0,0.0,,,2.0,2.0,0.0,0.0,0.0,0.0,2.0,2.0,Desconocido
Premier League,569.0,,,False,2026-05-17,34.0,48.0,Newcastle,West Ham,3.0,1.0,,,9.0,1.0,1.0,3.0,0.0,0.0,15.0,15.0,Desconocido
Ligue 1,61.0,,,False,2026-05-17,84.0,112.0,Nice,Metz,0.0,0.0,,,10.0,4.0,2.0,1.0,0.0,0.0,22.0,16.0,Desconocido
Eredivisie,88.0,,,False,2026-05-17,,,Nijmegen,Go Ahead Eagles,2.0,1.0,,,13.0,4.0,1.0,2.0,0.0,0.0,37.0,3.0,Desconocido
Super League Greece,,,,False,2026-05-17,,2110.0,OFI Crete,Volos NFC,3.0,1.0,,,4.0,3.0,3.0,2.0,0.0,0.0,20.0,15.0,Desconocido
La Liga,140.0,,,False,2026-05-17,727.0,,Osasuna,Espanol,1.0,2.0,,,9.0,2.0,1.0,2.0,0.0,0.0,24.0,7.0,Desconocido
La Liga,140.0,,,False,2026-05-17,718.0,542.0,Oviedo,Alaves,0.0,1.0,,,5.0,2.0,3.0,1.0,0.0,0.0,8.0,7.0,Desconocido
Eredivisie,88.0,,,False,2026-05-17,197.0,415.0,PSV Eindhoven,Twente,5.0,1.0,,,11.0,9.0,1.0,1.0,0.0,0.0,13.0,18.0,Desconocido
Super League Greece,,,,False,2026-05-17,617.0,619.0,Panathinaikos,PAOK,2.0,2.0,,,10.0,6.0,2.0,2.0,0.0,0.0,17.0,17.0,Desconocido
Super League Greece,,,,False,2026-05-17,2099.0,949.0,Panserraikos,Panetolikos,1.0,1.0,,,4.0,2.0,3.0,2.0,0.0,0.0,14.0,12.0,Desconocido
Ligue 1,61.0,,,False,2026-05-17,114.0,,Paris FC,Paris SG,2.0,1.0,,,3.0,3.0,2.0,1.0,0.0,0.0,17.0,9.0,Desconocido
Serie A,71.0,,,False,2026-05-17,801.0,492.0,Pisa,Napoli,0.0,3.0,,,1.0,6.0,2.0,2.0,0.0,0.0,4.0,10.0,Desconocido
Serie A,71.0,,,False,2026-05-17,,487.0,Roma,Lazio,2.0,0.0,,,8.0,3.0,2.0,3.0,1.0,1.0,16.0,6.0,Desconocido
Serie A,71.0,,,False,2026-05-17,488.0,867.0,Sassuolo,Lecce,2.0,3.0,,,2.0,8.0,1.0,4.0,0.0,0.0,15.0,11.0,Desconocido
Bundesliga 2,,,,False,2026-05-17,,,Schalke 04,Braunschweig,1.0,0.0,,,3.0,4.0,1.0,1.0,0.0,0.0,13.0,6.0,Desconocido
La Liga,140.0,,,False,2026-05-17,536.0,541.0,Sevilla,Real Madrid,0.0,1.0,,,4.0,4.0,4.0,0.0,0.0,0.0,14.0,12.0,Desconocido
La Liga,140.0,,,False,2026-05-17,,532.0,Sociedad,Valencia,3.0,4.0,,,3.0,2.0,4.0,0.0,0.0,1.0,8.0,13.0,Desconocido
Eredivisie,88.0,,,False,2026-05-17,426.0,196.0,Sparta Rotterdam,Excelsior,2.0,3.0,,,5.0,2.0,4.0,0.0,0.0,0.0,17.0,16.0,Desconocido
Premiership Escocia,,,,False,2026-05-17,,,St Mirren,Dundee United,1.0,1.0,,,10.0,2.0,0.0,2.0,0.0,0.0,17.0,6.0,Desconocido
Ligue 1,61.0,,,False,2026-05-17,95.0,91.0,Strasbourg,Monaco,5.0,4.0,,,4.0,6.0,1.0,2.0,0.0,0.0,15.0,21.0,Desconocido
Turkey Super Lig,,,,False,2026-05-17,998.0,,Trabzonspor,Genclerbirligi,0.0,3.0,,,5.0,3.0,1.0,1.0,0.0,0.0,11.0,13.0,Desconocido
Serie A,71.0,,,False,2026-05-17,494.0,520.0,Udinese,Cremonese,0.0,1.0,,,5.0,5.0,1.0,3.0,0.0,0.0,10.0,7.0,Desconocido
Eredivisie,88.0,,,False,2026-05-17,207.0,,Utrecht,For Sittard,2.0,0.0,,,2.0,5.0,0.0,1.0,0.0,0.0,18.0,13.0,Desconocido
La Liga,140.0,,,False,2026-05-17,,533.0,Vallecano,Villarreal,2.0,0.0,,,1.0,9.0,2.0,1.0,0.0,0.0,15.0,11.0,Desconocido
Eredivisie,88.0,,,False,2026-05-17,,427.0,Volendam,Telstar,1.0,2.0,,,7.0,0.0,2.0,2.0,0.0,0.0,17.0,7.0,Desconocido
Premier League,569.0,,,False,2026-05-17,39.0,36.0,Wolves,Fulham,1.0,1.0,,,3.0,6.0,1.0,0.0,0.0,0.0,11.0,13.0,Desconocido
La Liga 2,,,,False,2026-05-17,732.0,,Zaragoza,Sp Gijon,1.0,3.0,,,9.0,2.0,1.0,3.0,0.0,0.0,16.0,10.0,Desconocido
Eredivisie,88.0,,,False,2026-05-17,,209.0,Zwolle,Feyenoord,0.0,2.0,,,2.0,12.0,0.0,0.0,0.0,0.0,7.0,22.0,Desconocido
La Liga 2,,,,False,2026-05-16,723.0,534.0,Almeria,Las Palmas,1.0,2.0,,,5.0,5.0,3.0,1.0,1.0,0.0,18.0,14.0,Desconocido
Primeira Liga,94.0,,,False,2026-05-16,240.0,218.0,Arouca,Tondela,3.0,1.0,,,5.0,6.0,3.0,1.0,0.0,0.0,16.0,11.0,Desconocido
Super League Greece,,,,False,2026-05-16,955.0,5050.0,Asteras Tripolis,Kifisia,0.0,0.0,,,11.0,2.0,1.0,5.0,0.0,0.0,25.0,8.0,Desconocido
Bundesliga,218.0,,,False,2026-05-16,,,Bayern Munich,FC Koln,5.0,1.0,,,5.0,5.0,1.0,1.0,0.0,0.0,19.0,9.0,Desconocido
Primeira Liga,94.0,,,False,2026-05-16,4716.0,226.0,Casa Pia,Rio Ave,1.0,1.0,,,9.0,0.0,1.0,0.0,0.0,0.0,20.0,6.0,Desconocido
Premiership Escocia,,,,False,2026-05-16,247.0,,Celtic,Hearts,3.0,1.0,,,9.0,6.0,6.0,3.0,0.0,0.0,14.0,12.0,Desconocido
La Liga 2,,,,False,2026-05-16,,535.0,Ceuta,Malaga,1.0,4.0,,,5.0,1.0,4.0,2.0,0.0,0.0,14.0,11.0,Desconocido
Jupiler Pro League,144.0,,,False,2026-05-16,736.0,,Charleroi,Westerlo,0.0,1.0,,,8.0,5.0,3.0,2.0,0.0,0.0,10.0,13.0,Desconocido
La Liga 2,,,,False,2026-05-16,725.0,545.0,Cultural Leonesa,Eibar,2.0,1.0,,,4.0,4.0,2.0,2.0,0.0,0.0,8.0,14.0,Desconocido
Bundesliga,218.0,,,False,2026-05-16,,,Ein Frankfurt,Stuttgart,2.0,2.0,,,6.0,6.0,2.0,3.0,0.0,0.0,16.0,13.0,Desconocido
Primeira Liga,94.0,,,False,2026-05-16,230.0,211.0,Estoril,Benfica,1.0,3.0,,,2.0,9.0,3.0,2.0,0.0,0.0,16.0,19.0,Desconocido
Premiership Escocia,,,,False,2026-05-16,1389.0,257.0,Falkirk,Rangers,2.0,5.0,,,7.0,4.0,3.0,0.0,0.0,0.0,8.0,15.0,Desconocido
Primeira Liga,94.0,,,False,2026-05-16,242.0,4724.0,Famalicao,Alverca,1.0,0.0,,,6.0,5.0,1.0,2.0,0.0,0.0,11.0,7.0,Desconocido
Bundesliga,218.0,,,False,2026-05-16,,173.0,Freiburg,RB Leipzig,4.0,1.0,,,1.0,2.0,0.0,1.0,0.0,0.0,11.0,14.0,Desconocido
Turkey Super Lig,,,,False,2026-05-16,,,Gaziantep,Buyuksehyr,1.0,2.0,,,6.0,3.0,3.0,2.0,0.0,0.0,11.0,9.0,Desconocido
La Liga 2,,,,False,2026-05-16,22018.0,9580.0,Granada,Burgos,0.0,1.0,,,3.0,5.0,5.0,2.0,0.0,0.0,8.0,8.0,Desconocido
Bundesliga,218.0,,,False,2026-05-16,,,Heidenheim,Mainz,0.0,2.0,,,6.0,3.0,1.0,1.0,0.0,0.0,15.0,15.0,Desconocido
Premiership Escocia,,,,False,2026-05-16,249.0,256.0,Hibernian,Motherwell,0.0,1.0,,,7.0,4.0,5.0,3.0,0.0,1.0,11.0,14.0,Desconocido
Turkey Super Lig,,,,False,2026-05-16,,996.0,Karagumruk,Alanyaspor,2.0,1.0,,,0.0,4.0,1.0,0.0,0.0,0.0,8.0,11.0,Desconocido
Super League Greece,,,,False,2026-05-16,953.0,12260.0,Larisa,Atromitos,2.0,1.0,,,3.0,6.0,1.0,4.0,0.0,0.0,11.0,14.0,Desconocido
Bundesliga,218.0,,,False,2026-05-16,,,Leverkusen,Hamburg,1.0,1.0,,,8.0,3.0,1.0,2.0,0.0,0.0,26.0,19.0,Desconocido
Bundesliga,218.0,,,False,2026-05-16,,,M'gladbach,Hoffenheim,4.0,0.0,,,2.0,9.0,4.0,6.0,0.0,1.0,9.0,11.0,Desconocido
Primeira Liga,94.0,,,False,2026-05-16,215.0,21595.0,Moreirense,AVS,0.0,0.0,,,5.0,3.0,2.0,3.0,0.0,0.0,13.0,8.0,Desconocido
Primeira Liga,94.0,,,False,2026-05-16,225.0,224.0,Nacional,Guimaraes,2.0,0.0,,,2.0,6.0,4.0,3.0,0.0,0.0,5.0,13.0,Desconocido
Primeira Liga,94.0,,,False,2026-05-16,,227.0,Porto,Santa Clara,1.0,0.0,,,8.0,5.0,0.0,0.0,0.0,0.0,14.0,11.0,Desconocido
Friendly,,,,False,2026-05-16,,,Republic of Ireland,Grenada,5.0,0.0,,,,,,,,,,,Desconocido
Turkey Super Lig,,,,False,2026-05-16,3603.0,,Samsunspor,Goztep,3.0,0.0,,,0.0,4.0,3.0,3.0,0.0,1.0,14.0,22.0,Desconocido
La Liga 2,,,,False,2026-05-16,,720.0,Santander,Valladolid,4.0,1.0,,,6.0,2.0,1.0,0.0,0.0,1.0,11.0,11.0,Desconocido
La Liga 2,,,,False,2026-05-16,,799.0,Sociedad B,Mirandes,2.0,2.0,,,5.0,2.0,1.0,2.0,0.0,0.0,17.0,3.0,Desconocido
Primeira Liga,94.0,,,False,2026-05-16,,15130.0,Sp Braga,Estrela,2.0,2.0,,,7.0,1.0,1.0,5.0,0.0,1.0,14.0,6.0,Desconocido
Primeira Liga,94.0,,,False,2026-05-16,,,Sp Lisbon,Gil Vicente,3.0,0.0,,,6.0,1.0,0.0,1.0,0.0,0.0,15.0,10.0,Desconocido
Bundesliga,218.0,,,False,2026-05-16,,,St Pauli,Wolfsburg,1.0,3.0,,,8.0,9.0,2.0,3.0,0.0,0.0,11.0,19.0,Desconocido
Jupiler Pro League,144.0,,,False,2026-05-16,,631.0,St Truiden,Gent,1.0,1.0,,,3.0,3.0,0.0,1.0,0.0,0.0,16.0,12.0,Desconocido
Jupiler Pro League,144.0,,,False,2026-05-16,,742.0,Standard,Genk,0.0,0.0,,,5.0,4.0,1.0,2.0,0.0,0.0,10.0,22.0,Desconocido
Bundesliga,218.0,,,False,2026-05-16,182.0,,Union Berlin,Augsburg,4.0,0.0,,,4.0,9.0,3.0,1.0,0.0,0.0,17.0,11.0,Desconocido
Bundesliga,218.0,,,False,2026-05-16,162.0,,Werder Bremen,Dortmund,0.0,2.0,,,4.0,5.0,0.0,0.0,0.0,0.0,9.0,17.0,Desconocido
Premier League,569.0,,,False,2026-05-15,66.0,40.0,Aston Villa,Liverpool,4.0,2.0,,,4.0,9.0,3.0,1.0,0.0,0.0,14.0,16.0,Desconocido
La Liga 2,,,,False,2026-05-15,,724.0,Castellon,Cadiz,1.0,1.0,,,6.0,1.0,3.0,6.0,0.0,0.0,19.0,4.0,Desconocido
La Liga 2,,,,False,2026-05-15,713.0,722.0,Cordoba,Albacete,1.0,2.0,,,12.0,7.0,3.0,1.0,0.0,0.0,31.0,12.0,Desconocido
Jupiler Pro League,144.0,,,False,2026-05-15,,740.0,Oud-Heverlee Leuven,Antwerp,3.0,0.0,,,1.0,11.0,1.0,1.0,0.0,0.0,11.0,14.0,Desconocido
Turkey Super Lig,,,,False,2026-05-15,1007.0,,Rizespor,Besiktas,2.0,2.0,,,8.0,3.0,2.0,3.0,0.0,0.0,22.0,23.0,Desconocido
La Liga,140.0,,,False,2026-05-14,547.0,,Girona,Sociedad,1.0,1.0,,,6.0,3.0,2.0,7.0,0.0,0.0,29.0,6.0,Desconocido
La Liga,140.0,,,False,2026-05-14,541.0,718.0,Real Madrid,Oviedo,2.0,0.0,,,4.0,5.0,0.0,0.0,0.0,0.0,19.0,9.0,Desconocido
La Liga,140.0,,,False,2026-05-14,532.0,,Valencia,Vallecano,1.0,1.0,,,5.0,1.0,1.0,1.0,0.0,0.0,12.0,6.0,Desconocido
La Liga,140.0,,,False,2026-05-13,542.0,529.0,Alaves,Barcelona,1.0,0.0,,,6.0,4.0,1.0,2.0,0.0,0.0,9.0,8.0,Desconocido
Ligue 1,61.0,,,False,2026-05-13,,95.0,Brest,Strasbourg,1.0,2.0,,,5.0,4.0,0.0,1.0,0.0,0.0,21.0,10.0,Desconocido
La Liga,140.0,,,False,2026-05-13,,,Espanol,Ath Bilbao,2.0,0.0,,,8.0,9.0,0.0,0.0,0.0,0.0,12.0,11.0,Desconocido
La Liga,140.0,,,False,2026-05-13,546.0,798.0,Getafe,Mallorca,3.0,1.0,,,3.0,3.0,3.0,4.0,0.0,0.0,6.0,9.0,Desconocido
Premiership Escocia,,,,False,2026-05-13,,1389.0,Hearts,Falkirk,3.0,0.0,,,5.0,5.0,1.0,3.0,0.0,0.0,12.0,4.0,Desconocido
Ligue 1,61.0,,,False,2026-05-13,116.0,,Lens,Paris SG,0.0,2.0,,,6.0,3.0,0.0,1.0,0.0,0.0,25.0,10.0,Desconocido
Super League Greece,,,,False,2026-05-13,,,Levadeiakos,OFI Crete,3.0,2.0,,,5.0,1.0,4.0,8.0,0.0,1.0,18.0,10.0,Desconocido
Premier League,569.0,,,False,2026-05-13,,52.0,Man City,Crystal Palace,3.0,0.0,,,9.0,4.0,0.0,2.0,0.0,0.0,15.0,6.0,Desconocido
Premiership Escocia,,,,False,2026-05-13,256.0,247.0,Motherwell,Celtic,2.0,3.0,,,4.0,3.0,2.0,3.0,0.0,0.0,15.0,10.0,Desconocido
Super League Greece,,,,False,2026-05-13,3415.0,617.0,Olympiakos,Panathinaikos,1.0,0.0,,,5.0,0.0,2.0,1.0,0.0,0.0,15.0,5.0,Desconocido
Super League Greece,,,,False,2026-05-13,619.0,,PAOK,AEK,1.0,1.0,,,8.0,5.0,3.0,1.0,0.0,0.0,15.0,13.0,Desconocido
Premiership Escocia,,,,False,2026-05-13,257.0,249.0,Rangers,Hibernian,1.0,2.0,,,9.0,3.0,2.0,2.0,0.0,0.0,21.0,8.0,Desconocido
La Liga,140.0,,,False,2026-05-13,533.0,536.0,Villarreal,Sevilla,2.0,3.0,,,6.0,4.0,2.0,1.0,0.0,0.0,6.0,13.0,Desconocido
Super League Greece,,,,False,2026-05-13,2110.0,3408.0,Volos NFC,Aris,1.0,2.0,,,4.0,2.0,1.0,1.0,0.0,0.0,7.0,14.0,Desconocido
Premiership Escocia,,,,False,2026-05-12,252.0,,Aberdeen,St Mirren,0.0,2.0,,,6.0,1.0,1.0,2.0,0.0,0.0,8.0,9.0,Desconocido
Super League Greece,,,,False,2026-05-12,955.0,2099.0,Asteras Tripolis,Panserraikos,1.0,0.0,,,11.0,2.0,4.0,3.0,1.0,2.0,7.0,4.0,Desconocido
La Liga,140.0,,,False,2026-05-12,,797.0,Betis,Elche,2.0,1.0,,,8.0,1.0,3.0,3.0,0.0,1.0,16.0,8.0,Desconocido
La Liga,140.0,,,False,2026-05-12,,539.0,Celta,Levante,2.0,3.0,,,4.0,4.0,0.0,2.0,0.0,0.0,11.0,14.0,Desconocido
Premiership Escocia,,,,False,2026-05-12,,255.0,Dundee United,Livingston,0.0,0.0,,,7.0,8.0,2.0,4.0,0.0,0.0,15.0,14.0,Desconocido
Super League Greece,,,,False,2026-05-12,5050.0,12260.0,Kifisia,Atromitos,0.0,3.0,,,5.0,9.0,0.0,1.0,0.0,0.0,10.0,10.0,Desconocido
Premiership Escocia,,,,False,2026-05-12,250.0,253.0,Kilmarnock,Dundee,3.0,1.0,,,6.0,2.0,4.0,3.0,0.0,0.0,19.0,7.0,Desconocido
La Liga,140.0,,,False,2026-05-12,727.0,,Osasuna,Ath Madrid,1.0,2.0,,,8.0,4.0,6.0,5.0,0.0,1.0,23.0,5.0,Desconocido
Super League Greece,,,,False,2026-05-12,949.0,953.0,Panetolikos,Larisa,1.0,1.0,,,11.0,1.0,2.0,1.0,0.0,0.0,17.0,7.0,Desconocido
Primeira Liga,94.0,,,False,2026-05-11,211.0,,Benfica,Sp Braga,2.0,2.0,,,8.0,2.0,1.0,4.0,0.0,0.0,24.0,5.0,Desconocido
Primeira Liga,94.0,,,False,2026-05-11,15130.0,242.0,Estrela,Famalicao,0.0,0.0,,,3.0,10.0,3.0,1.0,0.0,0.0,4.0,15.0,Desconocido
Primeira Liga,94.0,,,False,2026-05-11,,240.0,Gil Vicente,Arouca,1.0,3.0,,,6.0,2.0,2.0,1.0,0.0,0.0,15.0,13.0,Desconocido
Primeira Liga,94.0,,,False,2026-05-11,224.0,4716.0,Guimaraes,Casa Pia,0.0,1.0,,,6.0,4.0,2.0,1.0,0.0,0.0,15.0,11.0,Desconocido
La Liga 2,,,,False,2026-05-11,726.0,,Huesca,Sociedad B,1.0,2.0,,,9.0,7.0,5.0,5.0,0.0,1.0,19.0,16.0,Desconocido
Serie A,71.0,,,False,2026-05-11,492.0,500.0,Napoli,Bologna,2.0,3.0,,,7.0,1.0,1.0,4.0,0.0,0.0,14.0,10.0,Desconocido
Primeira Liga,94.0,,,False,2026-05-11,226.0,,Rio Ave,Sp Lisbon,1.0,4.0,,,5.0,6.0,5.0,2.0,2.0,0.0,12.0,16.0,Desconocido
Primeira Liga,94.0,,,False,2026-05-11,227.0,225.0,Santa Clara,Nacional,2.0,0.0,,,4.0,6.0,1.0,2.0,0.0,0.0,12.0,12.0,Desconocido
Primeira Liga,94.0,,,False,2026-05-11,218.0,215.0,Tondela,Moreirense,2.0,0.0,,,1.0,8.0,1.0,3.0,0.0,1.0,14.0,10.0,Desconocido
Premier League,569.0,,,False,2026-05-11,47.0,63.0,Tottenham,Leeds,1.0,1.0,,,14.0,2.0,3.0,1.0,0.0,0.0,16.0,11.0,Desconocido
La Liga,140.0,,,False,2026-05-11,,547.0,Vallecano,Girona,1.0,1.0,,,9.0,5.0,1.0,1.0,0.0,0.0,18.0,9.0,Desconocido
Super League Greece,,,,False,2026-05-10,,617.0,AEK,Panathinaikos,2.0,1.0,,,8.0,1.0,4.0,3.0,0.0,0.0,17.0,10.0,Desconocido
Primeira Liga,94.0,,,False,2026-05-10,21595.0,,AVS,Porto,3.0,1.0,,,3.0,7.0,2.0,2.0,0.0,1.0,9.0,20.0,Desconocido
Eredivisie,88.0,,,False,2026-05-10,194.0,207.0,Ajax,Utrecht,1.0,2.0,,,4.0,7.0,2.0,2.0,0.0,0.0,15.0,14.0,Desconocido
Primeira Liga,94.0,,,False,2026-05-10,4724.0,230.0,Alverca,Estoril,1.0,1.0,,,4.0,4.0,3.0,2.0,0.0,0.0,8.0,11.0,Desconocido
La Liga 2,,,,False,2026-05-10,1110.0,534.0,Andorra,Las Palmas,5.0,1.0,,,3.0,4.0,0.0,1.0,0.0,0.0,19.0,8.0,Desconocido
Ligue 1,61.0,,,False,2026-05-10,77.0,95.0,Angers,Strasbourg,1.0,1.0,,,0.0,2.0,2.0,2.0,0.0,0.0,11.0,15.0,Desconocido
Jupiler Pro League,144.0,,,False,2026-05-10,740.0,736.0,Antwerp,Charleroi,0.0,1.0,,,4.0,3.0,2.0,3.0,0.0,0.0,18.0,12.0,Desconocido
Super League Greece,,,,False,2026-05-10,3408.0,,Aris,OFI Crete,3.0,1.0,,,5.0,5.0,1.0,1.0,0.0,0.0,15.0,15.0,Desconocido
La Liga,140.0,,,False,2026-05-10,,532.0,Ath Bilbao,Valencia,0.0,1.0,,,13.0,5.0,2.0,3.0,0.0,0.0,14.0,7.0,Desconocido
Ligue 1,61.0,,,False,2026-05-10,108.0,84.0,Auxerre,Nice,2.0,1.0,,,10.0,1.0,1.0,0.0,0.0,0.0,12.0,10.0,Desconocido
La Liga,140.0,,,False,2026-05-10,529.0,541.0,Barcelona,Real Madrid,2.0,0.0,,,4.0,8.0,2.0,4.0,0.0,0.0,10.0,8.0,Desconocido
Premier League,569.0,,,False,2026-05-10,44.0,66.0,Burnley,Aston Villa,2.0,2.0,,,2.0,8.0,1.0,1.0,0.0,0.0,15.0,18.0,Desconocido
Premiership Escocia,,,,False,2026-05-10,247.0,257.0,Celtic,Rangers,3.0,1.0,,,1.0,7.0,6.0,2.0,0.0,0.0,9.0,9.0,Desconocido
La Liga 2,,,,False,2026-05-10,713.0,22018.0,Cordoba,Granada,1.0,0.0,,,3.0,2.0,1.0,3.0,1.0,0.0,19.0,6.0,Desconocido
Serie A,71.0,,,False,2026-05-10,520.0,801.0,Cremonese,Pisa,3.0,0.0,,,7.0,1.0,0.0,4.0,0.0,2.0,10.0,0.0,Desconocido
Premier League,569.0,,,False,2026-05-10,52.0,45.0,Crystal Palace,Everton,2.0,2.0,,,5.0,10.0,0.0,2.0,0.0,0.0,21.0,13.0,Desconocido
Eredivisie,88.0,,,False,2026-05-10,196.0,,Excelsior,Volendam,1.0,1.0,,,5.0,0.0,1.0,3.0,0.0,0.0,8.0,8.0,Desconocido
Bundesliga,218.0,,,False,2026-05-10,,,FC Koln,Heidenheim,1.0,3.0,,,6.0,4.0,2.0,2.0,0.0,0.0,18.0,11.0,Desconocido
Eredivisie,88.0,,,False,2026-05-10,209.0,201.0,Feyenoord,AZ Alkmaar,1.0,1.0,,,7.0,3.0,1.0,0.0,0.0,0.0,10.0,13.0,Desconocido
Serie A,71.0,,,False,2026-05-10,502.0,495.0,Fiorentina,Genoa,0.0,0.0,,,4.0,3.0,0.0,0.0,0.0,0.0,13.0,9.0,Desconocido
Eredivisie,88.0,,,False,2026-05-10,,,For Sittard,Zwolle,3.0,2.0,,,6.0,5.0,0.0,1.0,0.0,0.0,12.0,8.0,Desconocido
Bundesliga 2,,,,False,2026-05-10,,,Fortuna Dusseldorf,Elversberg,3.0,1.0,,,2.0,5.0,3.0,0.0,0.0,0.0,9.0,16.0,Desconocido
Jupiler Pro League,144.0,,,False,2026-05-10,742.0,,Genk,Westerlo,3.0,0.0,,,6.0,3.0,1.0,2.0,0.0,0.0,15.0,15.0,Desconocido
Jupiler Pro League,144.0,,,False,2026-05-10,631.0,554.0,Gent,Anderlecht,1.0,1.0,,,4.0,2.0,4.0,4.0,0.0,1.0,15.0,8.0,Desconocido
Eredivisie,88.0,,,False,2026-05-10,,197.0,Go Ahead Eagles,PSV Eindhoven,1.0,4.0,,,8.0,4.0,0.0,0.0,0.0,0.0,11.0,24.0,Desconocido
Eredivisie,88.0,,,False,2026-05-10,202.0,,Groningen,Nijmegen,2.0,1.0,,,5.0,6.0,2.0,1.0,0.0,0.0,11.0,12.0,Desconocido
Bundesliga,218.0,,,False,2026-05-10,,,Hamburg,Freiburg,3.0,2.0,,,2.0,4.0,2.0,2.0,0.0,0.0,14.0,5.0,Desconocido
Bundesliga 2,,,,False,2026-05-10,,,Hertha,Greuther Furth,2.0,1.0,,,2.0,18.0,3.0,1.0,1.0,0.0,8.0,29.0,Desconocido
Ligue 1,61.0,,,False,2026-05-10,111.0,81.0,Le Havre,Marseille,0.0,1.0,,,3.0,0.0,4.0,2.0,0.0,0.0,10.0,8.0,Desconocido
La Liga 2,,,,False,2026-05-10,537.0,,Leganes,Santander,1.0,2.0,,,5.0,3.0,6.0,2.0,0.0,0.0,10.0,13.0,Desconocido
Bundesliga,218.0,,,False,2026-05-10,,182.0,Mainz,Union Berlin,1.0,3.0,,,7.0,8.0,2.0,1.0,0.0,0.0,14.0,16.0,Desconocido
La Liga,140.0,,,False,2026-05-10,798.0,533.0,Mallorca,Villarreal,1.0,1.0,,,5.0,4.0,2.0,0.0,0.0,0.0,18.0,7.0,Desconocido
Ligue 1,61.0,,,False,2026-05-10,112.0,97.0,Metz,Lorient,0.0,4.0,,,7.0,4.0,2.0,2.0,0.0,0.0,8.0,14.0,Desconocido
Serie A,71.0,,,False,2026-05-10,,499.0,Milan,Atalanta,2.0,3.0,,,2.0,2.0,3.0,3.0,0.0,0.0,20.0,9.0,Desconocido
La Liga 2,,,,False,2026-05-10,799.0,545.0,Mirandes,Eibar,0.0,1.0,,,6.0,4.0,3.0,5.0,0.0,0.0,19.0,8.0,Desconocido
Ligue 1,61.0,,,False,2026-05-10,91.0,79.0,Monaco,Lille,0.0,1.0,,,5.0,2.0,1.0,3.0,0.0,0.0,7.0,7.0,Desconocido
Eredivisie,88.0,,,False,2026-05-10,203.0,210.0,NAC Breda,Heerenveen,2.0,0.0,,,7.0,3.0,1.0,1.0,0.0,0.0,19.0,13.0,Desconocido
Premier League,569.0,,,False,2026-05-10,,34.0,Nott'm Forest,Newcastle,1.0,1.0,,,2.0,1.0,2.0,0.0,0.0,0.0,17.0,16.0,Desconocido
Super League Greece,,,,False,2026-05-10,3415.0,619.0,Olympiakos,PAOK,1.0,1.0,,,5.0,1.0,1.0,6.0,0.0,0.0,25.0,8.0,Desconocido
La Liga,140.0,,,False,2026-05-10,718.0,546.0,Oviedo,Getafe,0.0,0.0,,,1.0,9.0,2.0,3.0,2.0,0.0,8.0,22.0,Desconocido
Ligue 1,61.0,,,False,2026-05-10,,,Paris SG,Brest,1.0,0.0,,,13.0,2.0,0.0,0.0,0.0,0.0,23.0,3.0,Desconocido
Serie A,71.0,,,False,2026-05-10,523.0,,Parma,Roma,2.0,3.0,,,3.0,6.0,4.0,0.0,1.0,0.0,11.0,15.0,Desconocido
Bundesliga 2,,,,False,2026-05-10,1313.0,,Preußen Münster,Darmstadt,1.0,1.0,,,5.0,7.0,3.0,1.0,1.0,0.0,10.0,22.0,Desconocido
Ligue 1,61.0,,,False,2026-05-10,94.0,114.0,Rennes,Paris FC,2.0,1.0,,,8.0,2.0,0.0,2.0,0.0,0.0,14.0,11.0,Desconocido
Jupiler Pro League,144.0,,,False,2026-05-10,,,St. Gilloise,Mechelen,3.0,0.0,,,3.0,3.0,1.0,1.0,0.0,0.0,14.0,5.0,Desconocido
Eredivisie,88.0,,,False,2026-05-10,427.0,206.0,Telstar,Heracles,3.0,0.0,,,6.0,7.0,1.0,3.0,0.0,1.0,12.0,7.0,Desconocido
Ligue 1,61.0,,,False,2026-05-10,96.0,80.0,Toulouse,Lyon,2.0,1.0,,,7.0,8.0,6.0,2.0,1.0,0.0,14.0,18.0,Desconocido
Eredivisie,88.0,,,False,2026-05-10,415.0,426.0,Twente,Sparta Rotterdam,4.0,0.0,,,9.0,2.0,0.0,2.0,0.0,0.0,26.0,9.0,Desconocido
Serie A,71.0,,,False,2026-05-10,,895.0,Verona,Como,0.0,1.0,,,7.0,7.0,1.0,1.0,0.0,0.0,11.0,11.0,Desconocido
Super League Greece,,,,False,2026-05-10,2110.0,,Volos NFC,Levadeiakos,0.0,3.0,,,4.0,1.0,2.0,1.0,0.0,1.0,9.0,14.0,Desconocido
Premier League,569.0,,,False,2026-05-10,48.0,9419.0,West Ham,Arsenal,0.0,1.0,,,4.0,3.0,3.0,4.0,0.0,0.0,9.0,15.0,Desconocido
Premiership Escocia,,,,False,2026-05-09,252.0,,Aberdeen,Dundee United,2.0,0.0,,,4.0,2.0,1.0,3.0,0.0,1.0,15.0,7.0,Desconocido
Turkey Super Lig,,,,False,2026-05-09,996.0,1001.0,Alanyaspor,Kayserispor,3.0,1.0,,,1.0,7.0,2.0,2.0,0.0,0.0,13.0,19.0,Desconocido
La Liga 2,,,,False,2026-05-09,722.0,725.0,Albacete,Cultural Leonesa,2.0,1.0,,,3.0,5.0,1.0,2.0,0.0,1.0,17.0,12.0,Desconocido
Ligue 2,62.0,,,False,2026-05-09,3012.0,1301.0,Annecy,Rodez,1.0,2.0,,,9.0,4.0,0.0,0.0,0.0,0.0,7.0,12.0,Desconocido
La Liga,140.0,,,False,2026-05-09,,,Ath Madrid,Celta,0.0,1.0,,,10.0,0.0,1.0,2.0,0.0,0.0,20.0,3.0,Desconocido
Super League Greece,,,,False,2026-05-09,12260.0,949.0,Atromitos,Panetolikos,1.0,2.0,,,4.0,3.0,1.0,3.0,0.0,0.0,10.0,10.0,Desconocido
Bundesliga,218.0,,,False,2026-05-09,,,Augsburg,M'gladbach,3.0,1.0,,,2.0,2.0,2.0,2.0,0.0,0.0,15.0,16.0,Desconocido
Ligue 2,62.0,,,False,2026-05-09,1305.0,1298.0,Bastia,Le Mans,0.0,2.0,,,2.0,3.0,4.0,2.0,0.0,0.0,8.0,8.0,Desconocido
Turkey Super Lig,,,,False,2026-05-09,,998.0,Besiktas,Trabzonspor,1.0,2.0,,,6.0,3.0,1.0,2.0,0.0,0.0,21.0,10.0,Desconocido
Bundesliga 2,,,,False,2026-05-09,,,Bochum,Hannover,1.0,1.0,,,4.0,4.0,3.0,2.0,0.0,0.0,10.0,10.0,Desconocido
Bundesliga 2,,,,False,2026-05-09,,,Braunschweig,Dresden,2.0,1.0,,,5.0,9.0,2.0,2.0,0.0,0.0,9.0,14.0,Desconocido
Premier League,569.0,,,False,2026-05-09,51.0,39.0,Brighton,Wolves,3.0,0.0,,,7.0,1.0,1.0,2.0,0.0,0.0,14.0,5.0,Desconocido
La Liga 2,,,,False,2026-05-09,9580.0,723.0,Burgos,Almeria,0.0,0.0,,,10.0,4.0,2.0,4.0,0.0,0.0,20.0,20.0,Desconocido
Turkey Super Lig,,,,False,2026-05-09,,3603.0,Buyuksehyr,Samsunspor,3.0,0.0,,,2.0,5.0,2.0,2.0,0.0,0.0,19.0,9.0,Desconocido
Serie A,71.0,,,False,2026-05-09,490.0,494.0,Cagliari,Udinese,0.0,2.0,,,8.0,4.0,1.0,1.0,0.0,0.0,22.0,9.0,Desconocido
La Liga 2,,,,False,2026-05-09,,,Ceuta,Castellon,1.0,1.0,,,6.0,6.0,4.0,2.0,0.0,0.0,8.0,18.0,Desconocido
Ligue 2,62.0,,,False,2026-05-09,,90.0,Clermont,Guingamp,1.0,0.0,,,4.0,3.0,0.0,1.0,0.0,0.0,19.0,17.0,Desconocido
Jupiler Pro League,144.0,,,False,2026-05-09,,,Club Brugge,St Truiden,2.0,0.0,,,6.0,2.0,0.0,1.0,0.0,1.0,24.0,7.0,Desconocido
Premiership Escocia,,,,False,2026-05-09,253.0,255.0,Dundee,Livingston,3.0,0.0,,,7.0,5.0,1.0,1.0,0.0,0.0,16.0,10.0,Desconocido
La Liga,140.0,,,False,2026-05-09,797.0,542.0,Elche,Alaves,1.0,1.0,,,7.0,3.0,3.0,6.0,0.0,0.0,16.0,12.0,Desconocido
Turkey Super Lig,,,,False,2026-05-09,,1007.0,Eyupspor,Rizespor,4.0,0.0,,,3.0,6.0,0.0,0.0,0.0,0.0,11.0,14.0,Desconocido
Premiership Escocia,,,,False,2026-05-09,1389.0,249.0,Falkirk,Hibernian,1.0,3.0,,,6.0,5.0,0.0,1.0,0.0,0.0,8.0,10.0,Desconocido
Premier League,569.0,,,False,2026-05-09,36.0,35.0,Fulham,Bournemouth,0.0,1.0,,,11.0,2.0,4.0,2.0,1.0,1.0,14.0,10.0,Desconocido
Turkey Super Lig,,,,False,2026-05-09,645.0,1005.0,Galatasaray,Antalyaspor,4.0,2.0,,,6.0,1.0,4.0,3.0,0.0,0.0,23.0,8.0,Desconocido
Turkey Super Lig,,,,False,2026-05-09,,,Genclerbirligi,Kasimpasa,3.0,2.0,,,5.0,4.0,4.0,10.0,0.0,1.0,14.0,10.0,Desconocido
Turkey Super Lig,,,,False,2026-05-09,,,Goztep,Gaziantep,2.0,1.0,,,8.0,7.0,2.0,2.0,0.0,0.0,19.0,14.0,Desconocido
Ligue 2,62.0,,,False,2026-05-09,101.0,,Grenoble,Troyes,1.0,0.0,,,2.0,10.0,1.0,0.0,0.0,0.0,7.0,11.0,Desconocido
Bundesliga,218.0,,,False,2026-05-09,,162.0,Hoffenheim,Werder Bremen,1.0,0.0,,,8.0,3.0,1.0,2.0,0.0,1.0,15.0,11.0,Desconocido
Bundesliga 2,,,,False,2026-05-09,191.0,,Holstein Kiel,Magdeburg,1.0,3.0,,,10.0,6.0,2.0,2.0,0.0,0.0,13.0,14.0,Desconocido
Turkey Super Lig,,,,False,2026-05-09,7411.0,,Kocaelispor,Karagumruk,0.0,1.0,,,3.0,3.0,2.0,0.0,0.0,0.0,8.0,6.0,Desconocido
Turkey Super Lig,,,,False,2026-05-09,607.0,,Konyaspor,Fenerbahce,0.0,3.0,,,6.0,2.0,4.0,2.0,0.0,0.0,10.0,23.0,Desconocido
Super League Greece,,,,False,2026-05-09,953.0,955.0,Larisa,Asteras Tripolis,1.0,1.0,,,6.0,4.0,3.0,5.0,0.0,0.0,17.0,9.0,Desconocido
Ligue 2,62.0,,,False,2026-05-09,433.0,1299.0,Laval,Boulogne,2.0,1.0,,,11.0,3.0,1.0,2.0,0.0,0.0,14.0,7.0,Desconocido
Serie A,71.0,,,False,2026-05-09,487.0,505.0,Lazio,Inter,0.0,3.0,,,5.0,1.0,2.0,1.0,1.0,0.0,9.0,14.0,Desconocido
Serie A,71.0,,,False,2026-05-09,867.0,10019.0,Lecce,Juventus,0.0,1.0,,,1.0,7.0,1.0,1.0,0.0,0.0,8.0,15.0,Desconocido
Premier League,569.0,,,False,2026-05-09,40.0,49.0,Liverpool,Chelsea,1.0,1.0,,,5.0,2.0,2.0,4.0,0.0,0.0,8.0,6.0,Desconocido
La Liga 2,,,,False,2026-05-09,535.0,,Malaga,Sp Gijon,2.0,1.0,,,9.0,1.0,1.0,5.0,1.0,1.0,24.0,5.0,Desconocido
Premier League,569.0,,,False,2026-05-09,,55.0,Man City,Brentford,3.0,0.0,,,10.0,2.0,4.0,2.0,0.0,0.0,25.0,4.0,Desconocido
Premiership Escocia,,,,False,2026-05-09,256.0,,Motherwell,Hearts,1.0,1.0,,,2.0,6.0,1.0,3.0,0.0,0.0,8.0,11.0,Desconocido
Ligue 2,62.0,,,False,2026-05-09,102.0,1304.0,Nancy,Dunkerque,3.0,2.0,,,3.0,5.0,0.0,2.0,0.0,0.0,20.0,22.0,Desconocido
Bundesliga 2,,,,False,2026-05-09,,,Nurnberg,Schalke 04,3.0,0.0,,,5.0,5.0,2.0,2.0,0.0,0.0,15.0,16.0,Desconocido
Super League Greece,,,,False,2026-05-09,2099.0,5050.0,Panserraikos,Kifisia,1.0,2.0,,,6.0,1.0,2.0,3.0,0.0,0.0,11.0,11.0,Desconocido
Jupiler Pro League,144.0,,,False,2026-05-09,,741.0,RAAL La Louviere,Cercle Brugge,4.0,1.0,,,6.0,5.0,1.0,2.0,0.0,0.0,13.0,13.0,Desconocido
Bundesliga,218.0,,,False,2026-05-09,173.0,,RB Leipzig,St Pauli,2.0,1.0,,,3.0,5.0,2.0,0.0,0.0,0.0,13.0,7.0,Desconocido
Ligue 2,62.0,,,False,2026-05-09,,82.0,Red Star,Montpellier,1.0,1.0,,,3.0,3.0,1.0,1.0,0.0,0.0,17.0,8.0,Desconocido
Ligue 2,62.0,,,False,2026-05-09,93.0,,Reims,Pau FC,5.0,3.0,,,4.0,3.0,2.0,0.0,0.0,0.0,13.0,11.0,Desconocido
La Liga,140.0,,,False,2026-05-09,536.0,,Sevilla,Espanol,2.0,1.0,,,4.0,6.0,5.0,5.0,0.0,0.0,21.0,10.0,Desconocido
La Liga,140.0,,,False,2026-05-09,,,Sociedad,Betis,2.0,2.0,,,4.0,3.0,2.0,3.0,0.0,1.0,14.0,14.0,Desconocido
Ligue 2,62.0,,,False,2026-05-09,,87.0,St Etienne,Amiens,5.0,0.0,,,3.0,6.0,1.0,1.0,0.0,0.0,19.0,14.0,Desconocido
Premiership Escocia,,,,False,2026-05-09,,250.0,St Mirren,Kilmarnock,0.0,3.0,,,1.0,4.0,3.0,1.0,0.0,0.0,12.0,10.0,Desconocido
Bundesliga,218.0,,,False,2026-05-09,,,Stuttgart,Leverkusen,3.0,1.0,,,7.0,6.0,2.0,1.0,0.0,0.0,20.0,6.0,Desconocido
Premier League,569.0,,,False,2026-05-09,746.0,,Sunderland,Man United,0.0,0.0,,,7.0,8.0,0.0,3.0,0.0,0.0,15.0,11.0,Desconocido
La Liga 2,,,,False,2026-05-09,720.0,732.0,Valladolid,Zaragoza,2.0,0.0,,,2.0,4.0,5.0,4.0,0.0,1.0,6.0,8.0,Desconocido
Jupiler Pro League,144.0,,,False,2026-05-09,,6215.0,Waregem,Dender,2.0,1.0,,,9.0,2.0,1.0,5.0,0.0,0.0,19.0,10.0,Desconocido
Bundesliga,218.0,,,False,2026-05-09,,,Wolfsburg,Bayern Munich,0.0,1.0,,,6.0,3.0,1.0,0.0,0.0,0.0,17.0,16.0,Desconocido
Serie B,72.0,,,False,2026-05-08,528.0,899.0,Avellino,Modena,1.0,0.0,,,6.0,0.0,1.0,1.0,0.0,0.0,17.0,4.0,Desconocido
La Liga 2,,,,False,2026-05-08,724.0,,Cadiz,La Coruna,0.0,1.0,,,3.0,9.0,1.0,3.0,0.0,0.0,7.0,19.0,Desconocido
Serie B,72.0,,,False,2026-05-08,1687.0,508.0,Catanzaro,Bari,2.0,3.0,,,8.0,0.0,1.0,1.0,0.0,0.0,9.0,8.0,Desconocido
Serie B,72.0,,,False,2026-05-08,509.0,870.0,Cesena,Padova,3.0,4.0,,,11.0,3.0,2.0,4.0,0.0,0.0,30.0,15.0,Desconocido
Bundesliga,218.0,,,False,2026-05-08,,,Dortmund,Ein Frankfurt,3.0,2.0,,,6.0,2.0,3.0,0.0,0.0,0.0,13.0,9.0,Desconocido
Serie B,72.0,,,False,2026-05-08,512.0,1693.0,Frosinone,Mantova,5.0,0.0,,,8.0,3.0,3.0,2.0,0.0,0.0,15.0,16.0,Desconocido
Bundesliga 2,,,,False,2026-05-08,,,Kaiserslautern,Bielefeld,2.0,0.0,,,4.0,6.0,5.0,0.0,0.0,0.0,12.0,19.0,Desconocido
Ligue 1,61.0,,,False,2026-05-08,116.0,83.0,Lens,Nantes,1.0,0.0,,,8.0,3.0,2.0,1.0,0.0,0.0,14.0,15.0,Desconocido
La Liga,140.0,,,False,2026-05-08,539.0,727.0,Levante,Osasuna,3.0,2.0,,,15.0,1.0,2.0,0.0,0.0,1.0,35.0,5.0,Desconocido
Serie B,72.0,,,False,2026-05-08,1579.0,511.0,Monza,Empoli,2.0,2.0,,,7.0,4.0,2.0,3.0,0.0,0.0,20.0,10.0,Desconocido
Bundesliga 2,,,,False,2026-05-08,,,Paderborn,Karlsruhe,2.0,2.0,,,4.0,1.0,0.0,5.0,0.0,0.0,19.0,8.0,Desconocido
Serie B,72.0,,,False,2026-05-08,525.0,515.0,Pescara,Spezia,1.0,1.0,,,3.0,1.0,1.0,3.0,0.0,0.0,11.0,7.0,Desconocido
Serie B,72.0,,,False,2026-05-08,880.0,498.0,Reggiana,Sampdoria,1.0,0.0,,,3.0,9.0,2.0,1.0,0.0,0.0,14.0,14.0,Desconocido
Jupiler Pro League,144.0,,,False,2026-05-08,,,Standard,Oud-Heverlee Leuven,2.0,1.0,,,3.0,7.0,0.0,2.0,0.0,0.0,13.0,12.0,Desconocido
Serie B,72.0,,,False,2026-05-08,1578.0,863.0,Sudtirol,Juve Stabia,1.0,1.0,,,8.0,2.0,1.0,0.0,0.0,0.0,23.0,6.0,Desconocido
Serie A,71.0,,,False,2026-05-08,503.0,488.0,Torino,Sassuolo,2.0,1.0,,,7.0,5.0,4.0,2.0,0.0,0.0,18.0,13.0,Desconocido
Serie B,72.0,,,False,2026-05-08,517.0,522.0,Venezia,Palermo,2.0,0.0,,,6.0,2.0,2.0,2.0,0.0,0.0,21.0,13.0,Desconocido
Serie B,72.0,,,False,2026-05-08,527.0,1581.0,Virtus Entella,Carrarese,2.0,1.0,,,5.0,5.0,3.0,2.0,0.0,0.0,19.0,10.0,Desconocido
La Liga 2,,,,False,2026-05-04,723.0,799.0,Almeria,Mirandes,4.0,2.0,,,5.0,6.0,1.0,3.0,0.0,0.0,9.0,12.0,Desconocido
Premier League,569.0,,,False,2026-05-04,49.0,,Chelsea,Nott'm Forest,1.0,3.0,,,10.0,1.0,3.0,1.0,0.0,0.0,21.0,6.0,Desconocido
Serie A,71.0,,,False,2026-05-04,520.0,487.0,Cremonese,Lazio,1.0,2.0,,,3.0,3.0,1.0,2.0,0.0,0.0,13.0,8.0,Desconocido
Premier League,569.0,,,False,2026-05-04,45.0,,Everton,Man City,3.0,3.0,,,5.0,9.0,4.0,1.0,0.0,0.0,14.0,21.0,Desconocido
Premiership Escocia,,,,False,2026-05-04,,257.0,Hearts,Rangers,2.0,1.0,,,2.0,6.0,1.0,2.0,0.0,0.0,11.0,13.0,Desconocido
Serie A,71.0,,,False,2026-05-04,,502.0,Roma,Fiorentina,4.0,0.0,,,4.0,5.0,2.0,2.0,0.0,0.0,14.0,4.0,Desconocido
La Liga,140.0,,,False,2026-05-04,536.0,,Sevilla,Sociedad,1.0,0.0,,,3.0,3.0,3.0,1.0,0.0,0.0,19.0,6.0,Desconocido
Primeira Liga,94.0,,,False,2026-05-04,,224.0,Sp Lisbon,Guimaraes,5.0,1.0,,,1.0,7.0,0.0,3.0,0.0,0.0,14.0,13.0,Desconocido
Eredivisie,88.0,,,False,2026-05-03,201.0,415.0,AZ Alkmaar,Twente,2.0,2.0,,,4.0,3.0,0.0,0.0,0.0,0.0,18.0,9.0,Desconocido
Jupiler Pro League,144.0,,,False,2026-05-03,554.0,,Anderlecht,Club Brugge,1.0,3.0,,,8.0,4.0,2.0,2.0,0.0,0.0,15.0,22.0,Desconocido
Turkey Super Lig,,,,False,2026-05-03,1005.0,996.0,Antalyaspor,Alanyaspor,0.0,0.0,,,3.0,8.0,4.0,5.0,0.0,0.0,7.0,8.0,Desconocido
Jupiler Pro League,144.0,,,False,2026-05-03,740.0,,Antwerp,Standard,0.0,5.0,,,7.0,3.0,3.0,0.0,1.0,0.0,11.0,15.0,Desconocido
Premier League,569.0,,,False,2026-05-03,66.0,47.0,Aston Villa,Tottenham,1.0,2.0,,,5.0,5.0,2.0,5.0,0.0,0.0,5.0,10.0,Desconocido
Ligue 1,61.0,,,False,2026-05-03,108.0,77.0,Auxerre,Angers,3.0,1.0,,,4.0,6.0,2.0,4.0,0.0,1.0,19.0,9.0,Desconocido
La Liga,140.0,,,False,2026-05-03,,718.0,Betis,Oviedo,3.0,0.0,,,5.0,4.0,0.0,0.0,0.0,0.0,10.0,17.0,Desconocido
Serie A,71.0,,,False,2026-05-03,500.0,490.0,Bologna,Cagliari,0.0,0.0,,,7.0,2.0,2.0,1.0,0.0,0.0,13.0,8.0,Desconocido
Premier League,569.0,,,False,2026-05-03,35.0,52.0,Bournemouth,Crystal Palace,3.0,0.0,,,7.0,1.0,0.0,2.0,0.0,0.0,16.0,7.0,Desconocido
Primeira Liga,94.0,,,False,2026-05-03,4716.0,218.0,Casa Pia,Tondela,0.0,1.0,,,7.0,2.0,8.0,3.0,2.0,0.0,4.0,9.0,Desconocido
La Liga,140.0,,,False,2026-05-03,,797.0,Celta,Elche,3.0,1.0,,,4.0,2.0,2.0,1.0,0.0,0.0,6.0,15.0,Desconocido
Bundesliga 2,,,,False,2026-05-03,,,Elversberg,Paderborn,5.0,1.0,,,2.0,6.0,3.0,5.0,0.0,1.0,8.0,11.0,Desconocido
La Liga,140.0,,,False,2026-05-03,,541.0,Espanol,Real Madrid,0.0,2.0,,,5.0,6.0,3.0,4.0,0.0,0.0,17.0,15.0,Desconocido
Eredivisie,88.0,,,False,2026-05-03,,209.0,For Sittard,Feyenoord,1.0,2.0,,,1.0,8.0,2.0,3.0,1.0,0.0,7.0,19.0,Desconocido
Bundesliga,218.0,,,False,2026-05-03,,,Freiburg,Wolfsburg,1.0,1.0,,,1.0,7.0,1.0,1.0,0.0,0.0,11.0,13.0,Desconocido
La Liga,140.0,,,False,2026-05-03,546.0,,Getafe,Vallecano,0.0,2.0,,,4.0,1.0,3.0,5.0,0.0,0.0,13.0,10.0,Desconocido
Bundesliga 2,,,,False,2026-05-03,,,Greuther Furth,Nurnberg,1.0,1.0,,,4.0,5.0,2.0,2.0,0.0,0.0,13.0,20.0,Desconocido
Bundesliga 2,,,,False,2026-05-03,,1313.0,Hannover,Preußen Münster,3.0,3.0,,,10.0,6.0,0.0,6.0,0.0,0.0,19.0,16.0,Desconocido
Premiership Escocia,,,,False,2026-05-03,249.0,247.0,Hibernian,Celtic,1.0,2.0,,,0.0,13.0,3.0,3.0,1.0,0.0,4.0,27.0,Desconocido
Serie A,71.0,,,False,2026-05-03,505.0,523.0,Inter,Parma,2.0,0.0,,,8.0,3.0,1.0,0.0,0.0,0.0,12.0,4.0,Desconocido
Serie A,71.0,,,False,2026-05-03,10019.0,,Juventus,Verona,1.0,1.0,,,14.0,1.0,1.0,4.0,0.0,0.0,29.0,7.0,Desconocido
Turkey Super Lig,,,,False,2026-05-03,,,Karagumruk,Genclerbirligi,1.0,0.0,,,1.0,6.0,2.0,2.0,0.0,0.0,6.0,13.0,Desconocido
Bundesliga 2,,,,False,2026-05-03,,,Karlsruhe,Darmstadt,2.0,1.0,,,5.0,3.0,1.0,2.0,0.0,0.0,22.0,14.0,Desconocido
Turkey Super Lig,,,,False,2026-05-03,,7411.0,Kasimpasa,Kocaelispor,1.0,1.0,,,6.0,5.0,0.0,1.0,0.0,0.0,13.0,5.0,Desconocido
Turkey Super Lig,,,,False,2026-05-03,1001.0,,Kayserispor,Eyupspor,1.0,1.0,,,9.0,3.0,0.0,0.0,0.0,0.0,21.0,11.0,Desconocido
La Liga 2,,,,False,2026-05-03,534.0,720.0,Las Palmas,Valladolid,2.0,1.0,,,3.0,7.0,1.0,2.0,0.0,0.0,12.0,8.0,Desconocido
Super League Greece,,,,False,2026-05-03,,2110.0,Levadeiakos,Volos NFC,5.0,2.0,,,3.0,4.0,2.0,2.0,0.0,1.0,12.0,12.0,Desconocido
Ligue 1,61.0,,,False,2026-05-03,79.0,111.0,Lille,Le Havre,1.0,1.0,,,14.0,5.0,2.0,3.0,0.0,0.0,22.0,2.0,Desconocido
Ligue 1,61.0,,,False,2026-05-03,80.0,94.0,Lyon,Rennes,4.0,2.0,,,7.0,5.0,0.0,3.0,0.0,0.0,16.0,8.0,Desconocido
Bundesliga,218.0,,,False,2026-05-03,,,M'gladbach,Dortmund,1.0,0.0,,,1.0,1.0,3.0,1.0,0.0,0.0,12.0,6.0,Desconocido
Bundesliga 2,,,,False,2026-05-03,,,Magdeburg,Hertha,1.0,0.0,,,1.0,7.0,2.0,4.0,0.0,0.0,7.0,14.0,Desconocido
Premier League,569.0,,,False,2026-05-03,,40.0,Man United,Liverpool,3.0,2.0,,,3.0,2.0,2.0,2.0,0.0,0.0,18.0,13.0,Desconocido
Jupiler Pro League,144.0,,,False,2026-05-03,,631.0,Mechelen,Gent,1.0,0.0,,,7.0,4.0,2.0,3.0,0.0,0.0,9.0,9.0,Desconocido
Super League Greece,,,,False,2026-05-03,,3408.0,OFI Crete,Aris,0.0,2.0,,,3.0,7.0,2.0,4.0,0.0,0.0,11.0,11.0,Desconocido
Super League Greece,,,,False,2026-05-03,619.0,3415.0,PAOK,Olympiakos,3.0,1.0,,,3.0,9.0,1.0,1.0,0.0,0.0,7.0,17.0,Desconocido
Super League Greece,,,,False,2026-05-03,617.0,,Panathinaikos,AEK,0.0,0.0,,,2.0,7.0,1.0,6.0,1.0,0.0,9.0,14.0,Desconocido
Ligue 1,61.0,,,False,2026-05-03,114.0,,Paris FC,Brest,4.0,0.0,,,7.0,3.0,2.0,1.0,0.0,0.0,17.0,10.0,Desconocido
Primeira Liga,94.0,,,False,2026-05-03,226.0,,Rio Ave,Gil Vicente,0.0,0.0,,,9.0,7.0,1.0,2.0,0.0,0.0,18.0,13.0,Desconocido
La Liga 2,,,,False,2026-05-03,,726.0,Santander,Huesca,4.0,2.0,,,12.0,3.0,0.0,3.0,0.0,1.0,25.0,9.0,Desconocido
Serie A,71.0,,,False,2026-05-03,488.0,,Sassuolo,Milan,2.0,0.0,,,2.0,3.0,4.0,4.0,0.0,1.0,13.0,7.0,Desconocido
La Liga 2,,,,False,2026-05-03,,9580.0,Sociedad B,Burgos,0.0,0.0,,,2.0,2.0,4.0,2.0,0.0,0.0,15.0,7.0,Desconocido
Primeira Liga,94.0,,,False,2026-05-03,,230.0,Sp Braga,Estoril,1.0,1.0,,,5.0,4.0,3.0,3.0,0.0,0.0,10.0,10.0,Desconocido
La Liga 2,,,,False,2026-05-03,,,Sp Gijon,Ceuta,1.0,2.0,,,6.0,2.0,4.0,3.0,0.0,0.0,9.0,17.0,Desconocido
Eredivisie,88.0,,,False,2026-05-03,426.0,,Sparta Rotterdam,Go Ahead Eagles,2.0,2.0,,,6.0,8.0,1.0,5.0,0.0,1.0,24.0,16.0,Desconocido
Bundesliga,218.0,,,False,2026-05-03,,,St Pauli,Mainz,1.0,2.0,,,7.0,7.0,3.0,1.0,0.0,0.0,10.0,17.0,Desconocido
Ligue 1,61.0,,,False,2026-05-03,95.0,96.0,Strasbourg,Toulouse,1.0,2.0,,,8.0,3.0,1.0,3.0,0.0,0.0,9.0,16.0,Desconocido
Eredivisie,88.0,,,False,2026-05-03,,210.0,Volendam,Heerenveen,0.0,2.0,,,7.0,5.0,3.0,3.0,0.0,0.0,15.0,11.0,Desconocido
Eredivisie,88.0,,,False,2026-05-03,,206.0,Zwolle,Heracles,1.0,0.0,,,3.0,3.0,2.0,4.0,0.0,1.0,9.0,14.0,Desconocido
League 1,,,,False,2026-05-02,1333.0,37.0,AFC Wimbledon,Huddersfield,0.0,4.0,,,5.0,3.0,2.0,1.0,0.0,0.0,3.0,21.0,Desconocido
Eredivisie,88.0,,,False,2026-05-02,194.0,197.0,Ajax,PSV Eindhoven,2.0,2.0,,,6.0,4.0,1.0,2.0,0.0,0.0,13.0,7.0,Desconocido
La Liga,140.0,,,False,2026-05-02,542.0,,Alaves,Ath Bilbao,2.0,4.0,,,4.0,7.0,4.0,4.0,0.0,0.0,7.0,9.0,Desconocido
League 1 Escocia,,,,False,2026-05-02,,,Alloa,Queen of Sth,1.0,4.0,,,10.0,2.0,1.0,1.0,0.0,0.0,14.0,13.0,Desconocido
Ligue 2,62.0,,,False,2026-05-02,87.0,,Amiens,Red Star,1.0,3.0,,,2.0,8.0,2.0,0.0,0.0,0.0,11.0,16.0,Desconocido
League 2 Escocia,,,,False,2026-05-02,6757.0,,Annan Athletic,Forfar,1.0,1.0,,,5.0,8.0,0.0,2.0,0.0,0.0,7.0,4.0,Desconocido
Primeira Liga,94.0,,,False,2026-05-02,240.0,227.0,Arouca,Santa Clara,2.0,2.0,,,5.0,6.0,3.0,3.0,1.0,0.0,9.0,12.0,Desconocido
Premier League,569.0,,,False,2026-05-02,9419.0,36.0,Arsenal,Fulham,3.0,0.0,,,3.0,4.0,0.0,1.0,0.0,0.0,18.0,10.0,Desconocido
Super League Greece,,,,False,2026-05-02,955.0,12260.0,Asteras Tripolis,Atromitos,4.0,2.0,,,4.0,4.0,1.0,3.0,0.0,0.0,12.0,12.0,Desconocido
Serie A,71.0,,,False,2026-05-02,499.0,495.0,Atalanta,Genoa,0.0,0.0,,,6.0,2.0,2.0,1.0,0.0,0.0,21.0,7.0,Desconocido
League 1,,,,False,2026-05-02,747.0,,Barnsley,Stockport,1.0,3.0,,,5.0,11.0,1.0,3.0,0.0,0.0,9.0,14.0,Desconocido
League 2,,,,False,2026-05-02,1819.0,1367.0,Barrow,Newport County,1.0,2.0,,,6.0,4.0,2.0,1.0,0.0,0.0,24.0,16.0,Desconocido
Bundesliga,218.0,,,False,2026-05-02,,,Bayern Munich,Heidenheim,3.0,3.0,,,13.0,5.0,3.0,2.0,0.0,0.0,23.0,12.0,Desconocido
Bundesliga 2,,,,False,2026-05-02,,,Bielefeld,Bochum,1.0,1.0,,,8.0,2.0,0.0,2.0,0.0,0.0,8.0,6.0,Desconocido
Championship,407.0,,,False,2026-05-02,67.0,46.0,Blackburn,Leicester,0.0,1.0,,,9.0,11.0,1.0,1.0,0.0,0.0,12.0,22.0,Desconocido
League 1,,,,False,2026-05-02,68.0,1359.0,Bolton,Luton,2.0,3.0,,,5.0,3.0,4.0,3.0,0.0,0.0,24.0,12.0,Desconocido
Ligue 2,62.0,,,False,2026-05-02,1299.0,3012.0,Boulogne,Annecy,1.0,2.0,,,4.0,4.0,0.0,2.0,0.0,0.0,7.0,11.0,Desconocido
Premier League,569.0,,,False,2026-05-02,55.0,48.0,Brentford,West Ham,3.0,0.0,,,2.0,6.0,1.0,3.0,0.0,0.0,14.0,13.0,Desconocido
Championship,407.0,,,False,2026-05-02,56.0,,Bristol City,Stoke,2.0,0.0,,,2.0,15.0,1.0,3.0,0.0,0.0,13.0,16.0,Desconocido
League 2,,,,False,2026-05-02,1832.0,1342.0,Bromley,Walsall,3.0,1.0,,,11.0,5.0,0.0,4.0,0.0,0.0,22.0,13.0,Desconocido
La Liga 2,,,,False,2026-05-02,,713.0,Castellon,Cordoba,1.0,2.0,,,12.0,3.0,1.0,6.0,0.0,0.0,24.0,12.0,Desconocido
Jupiler Pro League,144.0,,,False,2026-05-02,736.0,742.0,Charleroi,Genk,2.0,0.0,,,3.0,6.0,2.0,0.0,0.0,0.0,11.0,17.0,Desconocido
League 2,,,,False,2026-05-02,1372.0,1361.0,Cheltenham,Colchester,1.0,4.0,,,9.0,1.0,1.0,1.0,0.0,0.0,15.0,11.0,Desconocido
Serie A,71.0,,,False,2026-05-02,895.0,492.0,Como,Napoli,0.0,0.0,,,3.0,2.0,1.0,1.0,0.0,0.0,16.0,8.0,Desconocido
League 1 Escocia,,,,False,2026-05-02,6763.0,6764.0,Cove Rangers,East Fife,0.0,0.0,,,2.0,2.0,0.0,0.0,0.0,0.0,5.0,7.0,Desconocido
League 2,,,,False,2026-05-02,1362.0,,Crawley Town,Salford,0.0,0.0,,,3.0,11.0,1.0,0.0,0.0,0.0,12.0,17.0,Desconocido
League 2,,,,False,2026-05-02,1363.0,,Crewe,Cambridge,0.0,0.0,,,8.0,6.0,1.0,3.0,0.0,0.0,8.0,10.0,Desconocido
La Liga 2,,,,False,2026-05-02,725.0,724.0,Cultural Leonesa,Cadiz,2.0,2.0,,,4.0,4.0,2.0,3.0,0.0,0.0,15.0,9.0,Desconocido
Championship,407.0,,,False,2026-05-02,69.0,,Derby,Sheffield United,1.0,2.0,,,6.0,4.0,4.0,3.0,0.0,0.0,17.0,15.0,Desconocido
Bundesliga 2,,,,False,2026-05-02,,,Dresden,Kaiserslautern,1.0,0.0,,,7.0,4.0,3.0,3.0,0.0,0.0,15.0,5.0,Desconocido
Premiership Escocia,,,,False,2026-05-02,253.0,,Dundee,St Mirren,1.0,0.0,,,5.0,6.0,1.0,2.0,0.0,0.0,10.0,11.0,Desconocido
Ligue 2,62.0,,,False,2026-05-02,1304.0,101.0,Dunkerque,Grenoble,0.0,1.0,,,8.0,0.0,2.0,2.0,0.0,1.0,14.0,6.0,Desconocido
League 2 Escocia,,,,False,2026-05-02,6765.0,6762.0,East Kilbride,Clyde,5.0,0.0,,,5.0,5.0,2.0,2.0,0.0,0.0,17.0,5.0,Desconocido
League 2 Escocia,,,,False,2026-05-02,6766.0,1382.0,Edinburgh City,Dumbarton,5.0,0.0,,,9.0,6.0,0.0,1.0,0.0,1.0,19.0,3.0,Desconocido
La Liga 2,,,,False,2026-05-02,545.0,535.0,Eibar,Malaga,2.0,4.0,,,2.0,6.0,2.0,3.0,0.0,0.0,13.0,19.0,Desconocido
Bundesliga,218.0,,,False,2026-05-02,,,Ein Frankfurt,Hamburg,1.0,2.0,,,9.0,4.0,6.0,1.0,1.0,0.0,8.0,9.0,Desconocido
League 2 Escocia,,,,False,2026-05-02,,6785.0,Elgin,Stranraer,0.0,1.0,,,5.0,7.0,1.0,2.0,0.0,0.0,12.0,10.0,Desconocido
League 1,,,,False,2026-05-02,,1343.0,Exeter,Bradford,1.0,2.0,,,6.0,7.0,3.0,1.0,0.0,0.0,11.0,12.0,Desconocido
Premiership Escocia,,,,False,2026-05-02,1389.0,256.0,Falkirk,Motherwell,1.0,0.0,,,2.0,5.0,4.0,5.0,0.0,0.0,18.0,14.0,Desconocido
Primeira Liga,94.0,,,False,2026-05-02,242.0,211.0,Famalicao,Benfica,2.0,2.0,,,6.0,4.0,2.0,2.0,0.0,1.0,15.0,8.0,Desconocido
Turkey Super Lig,,,,False,2026-05-02,,,Fenerbahce,Buyuksehyr,3.0,1.0,,,10.0,2.0,2.0,2.0,0.0,0.0,22.0,15.0,Desconocido
League 2,,,,False,2026-05-02,1336.0,1348.0,Fleetwood Town,Milton Keynes Dons,1.0,1.0,,,5.0,3.0,0.0,0.0,0.0,0.0,9.0,14.0,Desconocido
League 2,,,,False,2026-05-02,1347.0,1352.0,Gillingham,Shrewsbury,1.0,0.0,,,2.0,5.0,1.0,2.0,0.0,0.0,6.0,16.0,Desconocido
Eredivisie,88.0,,,False,2026-05-02,202.0,196.0,Groningen,Excelsior,2.0,3.0,,,5.0,8.0,0.0,0.0,0.0,0.0,12.0,18.0,Desconocido
Ligue 2,62.0,,,False,2026-05-02,90.0,1305.0,Guingamp,Bastia,0.0,1.0,,,2.0,5.0,0.0,0.0,0.0,0.0,9.0,12.0,Desconocido
League 2,,,,False,2026-05-02,,1369.0,Harrogate,Barnet,1.0,2.0,,,4.0,6.0,2.0,2.0,0.0,0.0,14.0,12.0,Desconocido
Bundesliga,218.0,,,False,2026-05-02,,,Hoffenheim,Stuttgart,3.0,3.0,,,4.0,5.0,3.0,1.0,0.0,1.0,22.0,14.0,Desconocido
Bundesliga 2,,,,False,2026-05-02,191.0,,Holstein Kiel,Braunschweig,2.0,0.0,,,4.0,5.0,3.0,2.0,0.0,0.0,12.0,9.0,Desconocido
Championship,407.0,,,False,2026-05-02,,71.0,Hull,Norwich,2.0,1.0,,,1.0,7.0,2.0,2.0,0.0,0.0,8.0,12.0,Desconocido
League 1 Escocia,,,,False,2026-05-02,,,Inverness C,Hamilton,2.0,1.0,,,7.0,1.0,1.0,1.0,0.0,0.0,15.0,6.0,Desconocido
Championship,407.0,,,False,2026-05-02,57.0,72.0,Ipswich,QPR,3.0,0.0,,,4.0,2.0,2.0,1.0,0.0,0.0,14.0,13.0,Desconocido
Premiership Escocia,,,,False,2026-05-02,250.0,,Kilmarnock,Dundee United,3.0,0.0,,,4.0,8.0,0.0,1.0,0.0,0.0,11.0,19.0,Desconocido
Ligue 2,62.0,,,False,2026-05-02,1298.0,93.0,Le Mans,Reims,1.0,1.0,,,3.0,2.0,0.0,1.0,0.0,0.0,17.0,8.0,Desconocido
Bundesliga,218.0,,,False,2026-05-02,,173.0,Leverkusen,RB Leipzig,4.0,1.0,,,7.0,3.0,1.0,3.0,0.0,0.0,23.0,14.0,Desconocido
League 1,,,,False,2026-05-02,1373.0,,Leyton Orient,Burton,2.0,2.0,,,5.0,1.0,1.0,1.0,0.0,0.0,13.0,14.0,Desconocido
League 1,,,,False,2026-05-02,,43.0,Mansfield,Cardiff,5.0,4.0,,,6.0,8.0,2.0,1.0,0.0,0.0,12.0,20.0,Desconocido
Ligue 1,61.0,,,False,2026-05-02,112.0,91.0,Metz,Monaco,1.0,2.0,,,5.0,9.0,0.0,2.0,0.0,0.0,13.0,15.0,Desconocido
Championship,407.0,,,False,2026-05-02,58.0,,Millwall,Oxford,2.0,0.0,,,14.0,1.0,1.0,0.0,0.0,0.0,22.0,4.0,Desconocido
Ligue 2,62.0,,,False,2026-05-02,82.0,,Montpellier,Clermont,1.0,2.0,,,11.0,2.0,2.0,2.0,1.0,0.0,15.0,7.0,Desconocido
League 1 Escocia,,,,False,2026-05-02,4251.0,6784.0,Montrose,Stenhousemuir,0.0,2.0,,,7.0,2.0,1.0,1.0,0.0,0.0,11.0,20.0,Desconocido
Primeira Liga,94.0,,,False,2026-05-02,215.0,15130.0,Moreirense,Estrela,3.0,2.0,,,1.0,4.0,4.0,4.0,0.0,0.0,14.0,10.0,Desconocido
Primeira Liga,94.0,,,False,2026-05-02,225.0,21595.0,Nacional,AVS,1.0,2.0,,,8.0,6.0,4.0,2.0,1.0,0.0,24.0,19.0,Desconocido
Ligue 1,61.0,,,False,2026-05-02,83.0,81.0,Nantes,Marseille,3.0,0.0,,,7.0,8.0,1.0,3.0,0.0,0.0,17.0,16.0,Desconocido
Premier League,569.0,,,False,2026-05-02,34.0,51.0,Newcastle,Brighton,3.0,1.0,,,2.0,10.0,3.0,3.0,0.0,0.0,13.0,13.0,Desconocido
Ligue 1,61.0,,,False,2026-05-02,84.0,116.0,Nice,Lens,1.0,1.0,,,7.0,8.0,2.0,3.0,0.0,1.0,9.0,16.0,Desconocido
Eredivisie,88.0,,,False,2026-05-02,,427.0,Nijmegen,Telstar,1.0,1.0,,,9.0,0.0,3.0,2.0,0.0,0.0,21.0,10.0,Desconocido
League 1,,,,False,2026-05-02,1337.0,1357.0,Northampton,Plymouth,2.0,3.0,,,2.0,8.0,2.0,4.0,1.0,0.0,7.0,26.0,Desconocido
League 2,,,,False,2026-05-02,1376.0,,Notts County,Bristol Rvs,1.0,1.0,,,5.0,3.0,3.0,3.0,0.0,0.0,15.0,12.0,Desconocido
League 2,,,,False,2026-05-02,1349.0,,Oldham,Accrington,3.0,0.0,,,5.0,0.0,0.0,1.0,0.0,0.0,9.0,7.0,Desconocido
La Liga,140.0,,,False,2026-05-02,727.0,529.0,Osasuna,Barcelona,1.0,2.0,,,3.0,7.0,2.0,2.0,0.0,0.0,9.0,13.0,Desconocido
Super League Greece,,,,False,2026-05-02,949.0,5050.0,Panetolikos,Kifisia,0.0,1.0,,,5.0,2.0,6.0,4.0,0.0,0.0,6.0,11.0,Desconocido
Super League Greece,,,,False,2026-05-02,2099.0,953.0,Panserraikos,Larisa,1.0,1.0,,,5.0,2.0,2.0,7.0,0.0,1.0,11.0,6.0,Desconocido
Ligue 1,61.0,,,False,2026-05-02,,97.0,Paris SG,Lorient,2.0,2.0,,,12.0,2.0,1.0,1.0,0.0,0.0,24.0,5.0,Desconocido
Ligue 2,62.0,,,False,2026-05-02,,102.0,Pau FC,Nancy,1.0,3.0,,,5.0,6.0,2.0,2.0,0.0,0.0,16.0,9.0,Desconocido
League 1,,,,False,2026-05-02,,1354.0,Peterboro,Doncaster,1.0,3.0,,,6.0,3.0,1.0,3.0,0.0,0.0,16.0,21.0,Desconocido
League 1 Escocia,,,,False,2026-05-02,6777.0,6773.0,Peterhead,Kelty Hearts,0.0,2.0,,,13.0,9.0,1.0,1.0,0.0,0.0,12.0,11.0,Desconocido
League 1,,,,False,2026-05-02,1351.0,1379.0,Port Vale,Lincoln,0.0,2.0,,,2.0,6.0,0.0,2.0,0.0,0.0,13.0,11.0,Desconocido
Primeira Liga,94.0,,,False,2026-05-02,,4724.0,Porto,Alverca,1.0,0.0,,,5.0,4.0,1.0,4.0,0.0,0.0,12.0,10.0,Desconocido
Championship,407.0,,,False,2026-05-02,1355.0,54.0,Portsmouth,Birmingham,1.0,1.0,,,3.0,9.0,2.0,2.0,0.0,0.0,14.0,13.0,Desconocido
Championship,407.0,,,False,2026-05-02,59.0,41.0,Preston,Southampton,1.0,3.0,,,10.0,5.0,3.0,1.0,0.0,0.0,16.0,18.0,Desconocido
League 1,,,,False,2026-05-02,53.0,1356.0,Reading,Blackpool,0.0,1.0,,,3.0,8.0,0.0,1.0,0.0,0.0,13.0,11.0,Desconocido
Ligue 2,62.0,,,False,2026-05-02,1301.0,,Rodez,St Etienne,2.0,1.0,,,2.0,7.0,2.0,2.0,0.0,0.0,17.0,11.0,Desconocido
Turkey Super Lig,,,,False,2026-05-02,3603.0,645.0,Samsunspor,Galatasaray,4.0,1.0,,,3.0,6.0,3.0,0.0,0.0,1.0,13.0,13.0,Desconocido
Bundesliga 2,,,,False,2026-05-02,,,Schalke 04,Fortuna Dusseldorf,1.0,0.0,,,4.0,1.0,2.0,3.0,0.0,0.0,14.0,6.0,Desconocido
Championship,407.0,,,False,2026-05-02,,60.0,Sheffield Weds,West Brom,2.0,1.0,,,5.0,2.0,3.0,2.0,0.0,0.0,11.0,13.0,Desconocido
Jupiler Pro League,144.0,,,False,2026-05-02,,,St Truiden,St. Gilloise,2.0,1.0,,,9.0,1.0,1.0,4.0,0.0,1.0,14.0,3.0,Desconocido
League 1,,,,False,2026-05-02,1368.0,61.0,Stevenage,Wigan,1.0,0.0,,,3.0,3.0,1.0,1.0,0.0,0.0,14.0,12.0,Desconocido
League 2 Escocia,,,,False,2026-05-02,,6781.0,Stirling,Spartans,2.0,2.0,,,3.0,9.0,1.0,1.0,0.0,0.0,10.0,15.0,Desconocido
Championship,407.0,,,False,2026-05-02,76.0,1335.0,Swansea,Charlton,3.0,1.0,,,10.0,4.0,0.0,0.0,0.0,0.0,20.0,12.0,Desconocido
League 2,,,,False,2026-05-02,,1345.0,Swindon,Chesterfield,1.0,2.0,,,8.0,3.0,3.0,2.0,0.0,0.0,13.0,11.0,Desconocido
Turkey Super Lig,,,,False,2026-05-02,998.0,,Trabzonspor,Goztep,1.0,1.0,,,4.0,3.0,6.0,4.0,1.0,0.0,10.0,18.0,Desconocido
League 2,,,,False,2026-05-02,1381.0,1365.0,Tranmere,Grimsby,1.0,1.0,,,4.0,4.0,0.0,1.0,0.0,0.0,8.0,13.0,Desconocido
Ligue 2,62.0,,,False,2026-05-02,,433.0,Troyes,Laval,4.0,0.0,,,4.0,3.0,1.0,1.0,0.0,0.0,18.0,6.0,Desconocido
Serie A,71.0,,,False,2026-05-02,494.0,503.0,Udinese,Torino,2.0,0.0,,,5.0,2.0,1.0,1.0,0.0,0.0,19.0,9.0,Desconocido
Bundesliga,218.0,,,False,2026-05-02,182.0,,Union Berlin,FC Koln,2.0,2.0,,,2.0,5.0,2.0,3.0,0.0,0.0,13.0,8.0,Desconocido
Eredivisie,88.0,,,False,2026-05-02,207.0,203.0,Utrecht,NAC Breda,2.0,0.0,,,8.0,4.0,0.0,2.0,0.0,1.0,28.0,9.0,Desconocido
La Liga,140.0,,,False,2026-05-02,532.0,,Valencia,Ath Madrid,0.0,2.0,,,1.0,7.0,1.0,3.0,0.0,0.0,12.0,20.0,Desconocido
La Liga,140.0,,,False,2026-05-02,533.0,539.0,Villarreal,Levante,5.0,1.0,,,7.0,3.0,3.0,1.0,0.0,0.0,20.0,12.0,Desconocido
Championship,407.0,,,False,2026-05-02,38.0,1346.0,Watford,Coventry,0.0,4.0,,,0.0,6.0,2.0,1.0,0.0,0.0,13.0,18.0,Desconocido
Bundesliga,218.0,,,False,2026-05-02,162.0,,Werder Bremen,Augsburg,1.0,3.0,,,8.0,2.0,1.0,1.0,0.0,0.0,15.0,14.0,Desconocido
Jupiler Pro League,144.0,,,False,2026-05-02,,,Westerlo,Oud-Heverlee Leuven,3.0,3.0,,,4.0,3.0,2.0,3.0,0.0,0.0,12.0,10.0,Desconocido
Premier League,569.0,,,False,2026-05-02,39.0,746.0,Wolves,Sunderland,1.0,1.0,,,6.0,3.0,0.0,4.0,0.0,1.0,20.0,10.0,Desconocido
Championship,407.0,,,False,2026-05-02,1837.0,70.0,Wrexham,Middlesbrough,2.0,2.0,,,6.0,3.0,0.0,0.0,0.0,0.0,20.0,11.0,Desconocido
League 1,,,,False,2026-05-02,1358.0,73.0,Wycombe,Rotherham,3.0,2.0,,,15.0,1.0,1.0,2.0,0.0,0.0,20.0,6.0,Desconocido
La Liga 2,,,,False,2026-05-01,1110.0,722.0,Andorra,Albacete,0.0,1.0,,,6.0,2.0,5.0,1.0,0.0,0.0,25.0,4.0,Desconocido
Championship Escocia,,,,False,2026-05-01,,,Ayr,St Johnstone,0.0,1.0,,,7.0,9.0,1.0,1.0,0.0,0.0,7.0,15.0,Desconocido
Serie B,72.0,,,False,2026-05-01,508.0,527.0,Bari,Virtus Entella,2.0,0.0,,,1.0,4.0,2.0,3.0,1.0,1.0,5.0,16.0,Desconocido
Serie B,72.0,,,False,2026-05-01,1581.0,509.0,Carrarese,Cesena,0.0,0.0,,,10.0,4.0,3.0,0.0,0.0,0.0,23.0,6.0,Desconocido
Jupiler Pro League,144.0,,,False,2026-05-01,741.0,,Cercle Brugge,Waregem,2.0,3.0,,,6.0,7.0,0.0,1.0,0.0,0.0,17.0,14.0,Desconocido
Championship Escocia,,,,False,2026-05-01,1388.0,4249.0,Dunfermline,Arbroath,0.0,0.0,,,5.0,11.0,1.0,1.0,0.0,0.0,4.0,7.0,Desconocido
Serie B,72.0,,,False,2026-05-01,511.0,528.0,Empoli,Avellino,1.0,0.0,,,4.0,2.0,3.0,1.0,0.0,1.0,17.0,5.0,Desconocido
Turkey Super Lig,,,,False,2026-05-01,,,Gaziantep,Besiktas,0.0,2.0,,,8.0,2.0,1.0,0.0,0.0,0.0,17.0,12.0,Desconocido
La Liga,140.0,,,False,2026-05-01,547.0,798.0,Girona,Mallorca,0.0,1.0,,,5.0,2.0,4.0,2.0,0.0,0.0,14.0,8.0,Desconocido
Serie B,72.0,,,False,2026-05-01,863.0,512.0,Juve Stabia,Frosinone,0.0,1.0,,,7.0,8.0,0.0,0.0,0.0,0.0,20.0,12.0,Desconocido
La Liga 2,,,,False,2026-05-01,,537.0,La Coruna,Leganes,2.0,1.0,,,9.0,2.0,4.0,2.0,0.0,0.0,16.0,14.0,Desconocido
Premier League,569.0,,,False,2026-05-01,63.0,44.0,Leeds,Burnley,3.0,1.0,,,5.0,0.0,4.0,3.0,0.0,0.0,18.0,9.0,Desconocido
Premiership Escocia,,,,False,2026-05-01,255.0,252.0,Livingston,Aberdeen,2.0,2.0,,,6.0,4.0,3.0,1.0,0.0,0.0,16.0,7.0,Desconocido
Serie B,72.0,,,False,2026-05-01,1693.0,1579.0,Mantova,Monza,3.0,2.0,,,0.0,7.0,3.0,2.0,0.0,0.0,18.0,23.0,Desconocido
Serie B,72.0,,,False,2026-05-01,899.0,880.0,Modena,Reggiana,2.0,1.0,,,2.0,4.0,4.0,3.0,1.0,0.0,9.0,16.0,Desconocido
Championship Escocia,,,,False,2026-05-01,1383.0,,Morton,Airdrie Utd,1.0,1.0,,,4.0,4.0,4.0,3.0,0.0,1.0,10.0,12.0,Desconocido
Serie B,72.0,,,False,2026-05-01,870.0,525.0,Padova,Pescara,1.0,0.0,,,3.0,6.0,3.0,3.0,0.0,0.0,11.0,10.0,Desconocido
Serie B,72.0,,,False,2026-05-01,522.0,1687.0,Palermo,Catanzaro,3.0,2.0,,,4.0,3.0,2.0,0.0,0.0,0.0,12.0,15.0,Desconocido
Championship Escocia,,,,False,2026-05-01,901.0,,Partick,Queens Park,1.0,1.0,,,8.0,7.0,0.0,1.0,0.0,0.0,12.0,10.0,Desconocido
Serie A,71.0,,,False,2026-05-01,801.0,867.0,Pisa,Lecce,1.0,2.0,,,6.0,1.0,4.0,2.0,0.0,0.0,17.0,7.0,Desconocido
Championship Escocia,,,,False,2026-05-01,,902.0,Raith Rvs,Ross County,3.0,2.0,,,5.0,7.0,1.0,1.0,0.0,0.0,13.0,11.0,Desconocido
Turkey Super Lig,,,,False,2026-05-01,1007.0,607.0,Rizespor,Konyaspor,3.0,2.0,,,1.0,2.0,1.0,2.0,0.0,0.0,15.0,11.0,Desconocido
Serie B,72.0,,,False,2026-05-01,498.0,1578.0,Sampdoria,Sudtirol,1.0,0.0,,,4.0,2.0,2.0,2.0,0.0,0.0,8.0,8.0,Desconocido
Serie B,72.0,,,False,2026-05-01,515.0,517.0,Spezia,Venezia,2.0,2.0,,,6.0,6.0,3.0,2.0,1.0,0.0,11.0,17.0,Desconocido
La Liga 2,,,,False,2026-05-01,732.0,22018.0,Zaragoza,Granada,0.0,1.0,,,7.0,7.0,3.0,5.0,0.0,1.0,7.0,11.0,Desconocido
