League,Date,HomeTeam,AwayTeam,FTHG,FTAG,HC,AC,HY,AY,HR,AR,HS,AS,year_month
Ligue 2,2026-02-28,Red Star,Le Mans,0.0,0.0,6.0,4.0,2.0,3.0,0.0,0.0,7.0,6.0,2026-02
Serie B,2026-02-28,Sudtirol,Venezia,1.0,1.0,6.0,5.0,1.0,2.0,0.0,0.0,12.0,12.0,2026-02
League 2,2026-02-28,Oldham,Crawley Town,2.0,0.0,8.0,3.0,4.0,1.0,0.0,0.0,18.0,8.0,2026-02
League 2,2026-02-28,Notts County,Grimsby,0.0,1.0,7.0,6.0,3.0,3.0,1.0,0.0,14.0,12.0,2026-02
Serie B,2026-02-28,Empoli,Cesena,1.0,1.0,13.0,1.0,0.0,1.0,0.0,0.0,28.0,8.0,2026-02
League 2 Escocia,2026-02-28,Stranraer,Elgin,1.0,2.0,5.0,6.0,1.0,1.0,0.0,0.0,9.0,14.0,2026-02
Championship,2026-02-28,Ipswich,Swansea,3.0,0.0,4.0,0.0,1.0,0.0,0.0,0.0,11.0,10.0,2026-02
Championship,2026-02-28,Oxford,West Brom,2.0,1.0,5.0,6.0,0.0,2.0,0.0,0.0,9.0,16.0,2026-02
Championship,2026-02-28,QPR,Sheffield United,0.0,2.0,7.0,4.0,2.0,2.0,0.0,0.0,12.0,12.0,2026-02
National League,2026-02-28,Morecambe,York,0.0,1.0,,,3.0,5.0,1.0,0.0,,,2026-02
National League,2026-02-28,Truro,Braintree Town,2.0,3.0,,,2.0,5.0,0.0,0.0,,,2026-02
National League,2026-02-28,Tamworth,Boreham Wood,3.0,2.0,,,0.0,1.0,0.0,0.0,,,2026-02
National League,2026-02-28,Scunthorpe,Solihull,3.0,3.0,,,1.0,2.0,0.0,1.0,,,2026-02
National League,2026-02-28,Halifax,Sutton,2.0,2.0,,,1.0,2.0,0.0,0.0,,,2026-02
National League,2026-02-28,Gateshead,Forest Green,0.0,2.0,,,2.0,2.0,0.0,0.0,,,2026-02
National League,2026-02-28,Eastleigh,Carlisle,1.0,2.0,,,1.0,1.0,0.0,0.0,,,2026-02
National League,2026-02-28,Brackley Town,Altrincham,0.0,2.0,,,3.0,3.0,0.0,0.0,,,2026-02
National League,2026-02-28,Aldershot,Rochdale,0.0,2.0,,,2.0,2.0,0.0,0.0,,,2026-02
Championship Escocia,2026-02-28,Dunfermline,Queens Park,1.0,0.0,2.0,3.0,1.0,1.0,0.0,0.0,10.0,13.0,2026-02
League 1,2026-02-28,Wycombe,Burton,3.0,0.0,3.0,4.0,3.0,2.0,0.0,0.0,8.0,6.0,2026-02
League 1,2026-02-28,Wigan,Huddersfield,1.0,0.0,4.0,6.0,2.0,3.0,0.0,0.0,12.0,9.0,2026-02
League 1,2026-02-28,Stevenage,Stockport,2.0,1.0,2.0,7.0,1.0,5.0,0.0,0.0,8.0,11.0,2026-02
League 1,2026-02-28,Rotherham,Plymouth,1.0,0.0,3.0,8.0,5.0,5.0,0.0,0.0,18.0,20.0,2026-02
League 1,2026-02-28,Reading,Bradford,2.0,1.0,5.0,6.0,3.0,0.0,0.0,0.0,9.0,12.0,2026-02
League 1,2026-02-28,Port Vale,Luton,1.0,1.0,6.0,6.0,3.0,3.0,0.0,0.0,12.0,12.0,2026-02
League 1,2026-02-28,Mansfield,AFC Wimbledon,2.0,2.0,7.0,6.0,2.0,1.0,0.0,0.0,14.0,16.0,2026-02
League 1,2026-02-28,Lincoln,Blackpool,4.0,0.0,7.0,6.0,1.0,4.0,0.0,0.0,13.0,9.0,2026-02
Serie B,2026-02-28,Modena,Padova,1.0,2.0,5.0,3.0,2.0,3.0,0.0,0.0,12.0,6.0,2026-02
Serie B,2026-02-28,Spezia,Reggiana,0.0,1.0,7.0,1.0,4.0,3.0,0.0,0.0,22.0,7.0,2026-02
League 1,2026-02-28,Doncaster,Cardiff,0.0,4.0,3.0,9.0,2.0,0.0,0.0,0.0,15.0,14.0,2026-02
Serie B,2026-02-28,Avellino,Juve Stabia,0.0,0.0,6.0,2.0,3.0,1.0,0.0,0.0,11.0,5.0,2026-02
League 2,2026-02-28,Cambridge,Milton Keynes Dons,1.0,1.0,3.0,2.0,1.0,2.0,0.0,0.0,7.0,9.0,2026-02
Super League Greece,2026-02-28,OFI Crete,Larisa,3.0,0.0,4.0,7.0,0.0,4.0,0.0,0.0,9.0,10.0,2026-02
League 2,2026-02-28,Colchester,Salford,0.0,1.0,4.0,5.0,3.0,2.0,0.0,0.0,8.0,15.0,2026-02
Premier League,2026-02-28,Bournemouth,Sunderland,1.0,1.0,7.0,3.0,4.0,2.0,0.0,0.0,21.0,8.0,2026-02
League 2,2026-02-28,Bromley,Accrington,2.0,1.0,5.0,5.0,1.0,1.0,0.0,1.0,17.0,12.0,2026-02
Premier League,2026-02-28,Burnley,Brentford,3.0,4.0,4.0,8.0,2.0,2.0,0.0,0.0,12.0,16.0,2026-02
Championship,2026-02-28,Charlton,Wrexham,0.0,1.0,4.0,2.0,2.0,1.0,0.0,0.0,12.0,8.0,2026-02
Super League Greece,2026-02-28,Atromitos,Panetolikos,1.0,0.0,4.0,0.0,5.0,3.0,0.0,0.0,9.0,6.0,2026-02
League 2,2026-02-28,Swindon,Bristol Rvs,1.0,1.0,13.0,1.0,1.0,4.0,0.0,0.0,16.0,10.0,2026-02
League 2,2026-02-28,Shrewsbury,Walsall,1.0,2.0,8.0,2.0,1.0,1.0,1.0,0.0,13.0,11.0,2026-02
Championship,2026-02-28,Leicester,Norwich,0.0,2.0,6.0,7.0,2.0,2.0,0.0,0.0,10.0,12.0,2026-02
League 1,2026-02-28,Leyton Orient,Barnsley,1.0,3.0,5.0,1.0,1.0,1.0,0.0,0.0,17.0,10.0,2026-02
League 2,2026-02-28,Barrow,Gillingham,0.0,1.0,3.0,8.0,0.0,0.0,0.0,0.0,5.0,14.0,2026-02
League 2,2026-02-28,Barnet,Chesterfield,1.0,0.0,4.0,4.0,0.0,0.0,0.0,0.0,10.0,13.0,2026-02
Super League Greece,2026-02-28,Kifisia,Levadeiakos,1.0,0.0,3.0,5.0,6.0,2.0,0.0,0.0,9.0,8.0,2026-02
League 2,2026-02-28,Fleetwood Town,Newport County,0.0,0.0,8.0,2.0,1.0,1.0,0.0,0.0,25.0,5.0,2026-02
League 2 Escocia,2026-02-28,Clyde,East Kilbride,1.0,3.0,6.0,3.0,2.0,3.0,0.0,0.0,11.0,12.0,2026-02
League 2 Escocia,2026-02-28,Edinburgh City,Forfar,0.0,0.0,2.0,4.0,1.0,3.0,0.0,0.0,12.0,10.0,2026-02
League 2 Escocia,2026-02-28,Spartans,Annan Athletic,4.0,0.0,5.0,1.0,0.0,2.0,0.0,1.0,13.0,4.0,2026-02
Premiership Escocia,2026-02-28,Dundee,Hibernian,3.0,3.0,6.0,6.0,1.0,4.0,0.0,0.0,10.0,13.0,2026-02
Championship,2026-02-28,Coventry,Stoke,2.0,1.0,7.0,1.0,1.0,1.0,0.0,0.0,20.0,3.0,2026-02
Premiership Escocia,2026-02-28,Falkirk,Kilmarnock,5.0,1.0,3.0,2.0,3.0,2.0,0.0,0.0,20.0,6.0,2026-02
Premiership Escocia,2026-02-28,Hearts,Aberdeen,1.0,0.0,7.0,4.0,3.0,5.0,0.0,0.0,21.0,5.0,2026-02
League 2,2026-02-28,Crewe,Tranmere,2.0,1.0,5.0,1.0,1.0,3.0,0.0,0.0,17.0,6.0,2026-02
League 2 Escocia,2026-02-28,Stirling,Dumbarton,1.0,1.0,4.0,8.0,1.0,3.0,0.0,0.0,9.0,15.0,2026-02
League 1,2026-02-28,Exeter,Bolton,1.0,5.0,4.0,3.0,2.0,1.0,0.0,0.0,10.0,22.0,2026-02
Championship,2026-02-28,Derby,Blackburn,3.0,1.0,2.0,3.0,3.0,4.0,0.0,0.0,14.0,11.0,2026-02
League 1,2026-02-28,Northampton,Peterboro,1.0,1.0,5.0,2.0,1.0,2.0,0.0,0.0,11.0,10.0,2026-02
Championship,2026-02-28,Portsmouth,Hull,0.0,1.0,11.0,2.0,0.0,3.0,0.0,0.0,22.0,2.0,2026-02
Jupiler Pro League,2026-02-28,Anderlecht,Oud-Heverlee Leuven,5.0,1.0,9.0,8.0,4.0,4.0,0.0,0.0,14.0,7.0,2026-02
Ligue 2,2026-02-28,Pau FC,St Etienne,0.0,3.0,5.0,4.0,2.0,1.0,0.0,0.0,9.0,10.0,2026-02
Turkey Super Lig,2026-02-28,Galatasaray,Alanyaspor,3.0,1.0,4.0,0.0,2.0,3.0,0.0,0.0,14.0,10.0,2026-02
League 1 Escocia,2026-02-28,Stenhousemuir,Cove Rangers,1.0,0.0,5.0,9.0,2.0,2.0,0.0,0.0,6.0,8.0,2026-02
Turkey Super Lig,2026-02-28,Goztep,Eyupspor,0.0,0.0,5.0,2.0,3.0,1.0,0.0,0.0,12.0,6.0,2026-02
League 1 Escocia,2026-02-28,Queen of Sth,Peterhead,0.0,2.0,7.0,8.0,7.0,3.0,0.0,0.0,6.0,7.0,2026-02
Jupiler Pro League,2026-02-28,Mechelen,Waregem,2.0,1.0,1.0,8.0,1.0,2.0,0.0,0.0,5.0,16.0,2026-02
Championship Escocia,2026-02-28,Airdrie Utd,Morton,3.0,1.0,11.0,7.0,3.0,2.0,0.0,2.0,17.0,12.0,2026-02
Eredivisie,2026-02-28,Heracles,PSV Eindhoven,1.0,3.0,3.0,5.0,2.0,1.0,0.0,0.0,15.0,24.0,2026-02
Eredivisie,2026-02-28,Nijmegen,For Sittard,2.0,3.0,10.0,5.0,1.0,2.0,0.0,0.0,15.0,13.0,2026-02
Championship Escocia,2026-02-28,Partick,Arbroath,0.0,0.0,4.0,4.0,2.0,6.0,1.0,1.0,2.0,5.0,2026-02
Jupiler Pro League,2026-02-28,Antwerp,St Truiden,1.0,0.0,3.0,4.0,2.0,1.0,0.0,0.0,12.0,10.0,2026-02
Championship Escocia,2026-02-28,Ross County,Raith Rvs,2.0,0.0,5.0,5.0,2.0,2.0,0.0,0.0,6.0,4.0,2026-02
Bundesliga,2026-02-28,M'gladbach,Union Berlin,1.0,0.0,6.0,2.0,4.0,5.0,0.0,0.0,21.0,6.0,2026-02
Bundesliga,2026-02-28,Werder Bremen,Heidenheim,2.0,0.0,3.0,2.0,1.0,0.0,0.0,0.0,17.0,9.0,2026-02
Bundesliga,2026-02-28,Dortmund,Bayern Munich,2.0,3.0,5.0,2.0,1.0,0.0,0.0,0.0,10.0,14.0,2026-02
League 1 Escocia,2026-02-28,Kelty Hearts,Inverness C,0.0,0.0,0.0,4.0,2.0,2.0,0.0,0.0,6.0,13.0,2026-02
League 1 Escocia,2026-02-28,Hamilton,Montrose,1.0,1.0,10.0,7.0,1.0,1.0,0.0,0.0,12.0,5.0,2026-02
League 1 Escocia,2026-02-28,East Fife,Alloa,0.0,2.0,5.0,6.0,2.0,4.0,0.0,0.0,11.0,7.0,2026-02
Championship Escocia,2026-02-28,St Johnstone,Ayr,3.0,1.0,8.0,7.0,2.0,3.0,0.0,0.0,8.0,5.0,2026-02
Ligue 2,2026-02-28,Guingamp,Rodez,0.0,0.0,5.0,6.0,0.0,3.0,0.0,0.0,9.0,10.0,2026-02
Bundesliga,2026-02-28,Leverkusen,Mainz,1.0,1.0,6.0,2.0,1.0,2.0,0.0,0.0,12.0,8.0,2026-02
Bundesliga,2026-02-28,Hoffenheim,St Pauli,0.0,1.0,10.0,3.0,1.0,2.0,0.0,0.0,20.0,11.0,2026-02
Eredivisie,2026-02-28,Heerenveen,Sparta Rotterdam,2.0,1.0,5.0,6.0,3.0,2.0,0.0,0.0,16.0,13.0,2026-02
La Liga 2,2026-02-28,Castellon,Santander,1.0,3.0,3.0,3.0,2.0,2.0,1.0,0.0,15.0,12.0,2026-02
Turkey Super Lig,2026-02-28,Kocaelispor,Besiktas,0.0,1.0,1.0,4.0,1.0,2.0,0.0,0.0,10.0,11.0,2026-02
Turkey Super Lig,2026-02-28,Kasimpasa,Rizespor,0.0,3.0,2.0,5.0,0.0,2.0,0.0,0.0,13.0,14.0,2026-02
Premiership Escocia,2026-02-28,Motherwell,Dundee United,2.0,0.0,5.0,3.0,2.0,3.0,0.0,0.0,16.0,7.0,2026-02
La Liga,2026-02-28,Mallorca,Sociedad,0.0,1.0,3.0,7.0,0.0,2.0,0.0,0.0,6.0,12.0,2026-02
La Liga 2,2026-02-28,Valladolid,Huesca,1.0,0.0,4.0,6.0,2.0,3.0,0.0,0.0,16.0,9.0,2026-02
La Liga 2,2026-02-28,Granada,Malaga,0.0,1.0,4.0,4.0,3.0,2.0,0.0,0.0,11.0,14.0,2026-02
La Liga 2,2026-02-28,Zaragoza,Burgos,0.0,1.0,5.0,2.0,3.0,2.0,0.0,0.0,16.0,8.0,2026-02
Championship,2026-02-28,Sheffield Weds,Southampton,1.0,3.0,5.0,8.0,0.0,1.0,0.0,0.0,10.0,15.0,2026-02
Bundesliga 2,2026-02-28,Bielefeld,Hannover,0.0,1.0,9.0,3.0,3.0,4.0,0.0,0.0,22.0,6.0,2026-02
Bundesliga 2,2026-02-28,Holstein Kiel,Elversberg,1.0,1.0,5.0,7.0,2.0,2.0,0.0,0.0,10.0,7.0,2026-02
Ligue 1,2026-02-28,Le Havre,Paris SG,0.0,1.0,3.0,3.0,3.0,0.0,0.0,0.0,10.0,22.0,2026-02
Ligue 1,2026-02-28,Monaco,Angers,2.0,0.0,5.0,2.0,0.0,3.0,0.0,0.0,10.0,6.0,2026-02
Premiership Escocia,2026-02-28,Livingston,St Mirren,1.0,1.0,7.0,2.0,1.0,2.0,0.0,0.0,10.0,12.0,2026-02
Premier League,2026-02-28,Liverpool,West Ham,5.0,2.0,10.0,5.0,2.0,2.0,0.0,0.0,18.0,11.0,2026-02
La Liga,2026-02-28,Vallecano,Ath Bilbao,1.0,1.0,5.0,4.0,2.0,3.0,0.0,0.0,15.0,8.0,2026-02
La Liga,2026-02-28,Barcelona,Villarreal,4.0,1.0,3.0,2.0,2.0,1.0,0.0,0.0,19.0,6.0,2026-02
Ligue 1,2026-02-28,Rennes,Toulouse,1.0,0.0,6.0,1.0,1.0,3.0,0.0,0.0,10.0,9.0,2026-02
Championship,2026-02-28,Preston,Millwall,0.0,2.0,2.0,6.0,3.0,2.0,0.0,0.0,6.0,16.0,2026-02
Primeira Liga,2026-02-28,AVS,Estrela,0.0,0.0,7.0,9.0,2.0,1.0,0.0,0.0,11.0,16.0,2026-02
Serie A,2026-02-28,Verona,Napoli,1.0,2.0,2.0,5.0,3.0,4.0,0.0,0.0,8.0,9.0,2026-02
La Liga,2026-02-28,Oviedo,Ath Madrid,0.0,1.0,8.0,3.0,2.0,2.0,0.0,0.0,16.0,12.0,2026-02
Serie A,2026-02-28,Inter,Genoa,2.0,0.0,10.0,2.0,2.0,1.0,0.0,0.0,14.0,6.0,2026-02
Primeira Liga,2026-02-28,Guimaraes,Alverca,1.0,1.0,0.0,11.0,1.0,2.0,0.0,0.0,15.0,11.0,2026-02
Primeira Liga,2026-02-28,Nacional,Sp Braga,1.0,2.0,3.0,6.0,2.0,3.0,0.0,0.0,14.0,20.0,2026-02
Bundesliga 2,2026-02-28,Greuther Furth,Schalke 04,1.0,1.0,4.0,5.0,2.0,4.0,0.0,0.0,6.0,16.0,2026-02
Bundesliga 2,2026-02-28,Kaiserslautern,Paderborn,1.0,2.0,3.0,2.0,2.0,3.0,0.0,0.0,10.0,15.0,2026-02
Premier League,2026-02-28,Leeds,Man City,0.0,1.0,5.0,3.0,0.0,3.0,0.0,0.0,14.0,14.0,2026-02
Premier League,2026-02-28,Newcastle,Everton,2.0,3.0,7.0,2.0,2.0,3.0,0.0,0.0,17.0,9.0,2026-02
Serie A,2026-02-28,Como,Lecce,3.0,1.0,5.0,1.0,0.0,1.0,0.0,0.0,12.0,5.0,2026-02
Ligue 2,2026-02-27,Bastia,Annecy,0.0,2.0,3.0,5.0,1.0,3.0,1.0,0.0,8.0,8.0,2026-02
Ligue 1,2026-02-27,Strasbourg,Lens,1.0,1.0,2.0,8.0,2.0,2.0,0.0,0.0,8.0,25.0,2026-02
La Liga,2026-02-27,Levante,Alaves,2.0,0.0,10.0,6.0,1.0,6.0,0.0,1.0,22.0,17.0,2026-02
Jupiler Pro League,2026-02-27,Standard,RAAL La Louviere,1.0,1.0,4.0,3.0,1.0,3.0,0.0,0.0,9.0,12.0,2026-02
Premier League,2026-02-27,Wolves,Aston Villa,2.0,0.0,0.0,5.0,3.0,3.0,0.0,0.0,9.0,14.0,2026-02
Championship,2026-02-27,Bristol City,Watford,1.0,2.0,3.0,3.0,2.0,3.0,0.0,0.0,11.0,11.0,2026-02
Primeira Liga,2026-02-27,Porto,Arouca,3.0,1.0,5.0,1.0,0.0,2.0,0.0,0.0,20.0,7.0,2026-02
Primeira Liga,2026-02-27,Sp Lisbon,Estoril,3.0,0.0,4.0,1.0,2.0,3.0,0.0,0.0,14.0,8.0,2026-02
Serie A,2026-02-27,Parma,Cagliari,1.0,1.0,6.0,3.0,2.0,4.0,0.0,0.0,18.0,11.0,2026-02
La Liga 2,2026-02-27,Albacete,Almeria,1.0,1.0,5.0,7.0,1.0,1.0,0.0,0.0,11.0,19.0,2026-02
Eredivisie,2026-02-27,Telstar,NAC Breda,3.0,0.0,10.0,4.0,1.0,4.0,0.0,0.0,14.0,11.0,2026-02
Serie B,2026-02-27,Monza,Virtus Entella,2.0,0.0,1.0,2.0,2.0,0.0,0.0,0.0,21.0,8.0,2026-02
Bundesliga 2,2026-02-27,Fortuna Dusseldorf,Bochum,2.0,1.0,10.0,3.0,1.0,1.0,0.0,0.0,20.0,10.0,2026-02
Serie B,2026-02-27,Sampdoria,Bari,0.0,2.0,9.0,3.0,4.0,4.0,0.0,0.0,19.0,13.0,2026-02
Ligue 2,2026-02-27,Clermont,Dunkerque,2.0,1.0,7.0,7.0,1.0,4.0,0.0,0.0,10.0,9.0,2026-02
Bundesliga,2026-02-27,Augsburg,FC Koln,2.0,0.0,6.0,9.0,4.0,1.0,0.0,0.0,14.0,10.0,2026-02
Ligue 2,2026-02-27,Laval,Nancy,1.0,1.0,2.0,10.0,2.0,1.0,0.0,0.0,8.0,16.0,2026-02
Turkey Super Lig,2026-02-27,Trabzonspor,Karagumruk,3.0,1.0,5.0,4.0,1.0,1.0,0.0,0.0,13.0,11.0,2026-02
Turkey Super Lig,2026-02-27,Buyuksehyr,Konyaspor,2.0,0.0,5.0,7.0,3.0,1.0,0.0,0.0,12.0,11.0,2026-02
Ligue 2,2026-02-27,Grenoble,Boulogne,0.0,0.0,4.0,4.0,2.0,1.0,0.0,0.0,7.0,6.0,2026-02
Ligue 2,2026-02-27,Montpellier,Reims,0.0,0.0,3.0,4.0,1.0,0.0,0.0,0.0,10.0,15.0,2026-02
League 2,2026-02-27,Harrogate,Cheltenham,1.0,1.0,9.0,5.0,0.0,2.0,0.0,0.0,21.0,11.0,2026-02
Bundesliga 2,2026-02-27,Dresden,Darmstadt,3.0,1.0,1.0,8.0,3.0,1.0,1.0,1.0,19.0,17.0,2026-02
Championship,2026-02-25,Millwall,Birmingham,3.0,0.0,7.0,5.0,1.0,0.0,0.0,1.0,11.0,5.0,2026-02
La Liga 2,2026-02-25,Ceuta,Cordoba,3.0,2.0,4.0,5.0,4.0,2.0,0.0,0.0,5.0,12.0,2026-02
Friendly,2026-02-25,Mexico,Iceland,4.0,0.0,,,,,,,,,2026-02
Championship,2026-02-25,Stoke,Oxford,2.0,1.0,8.0,7.0,2.0,1.0,0.0,0.0,21.0,9.0,2026-02
Championship,2026-02-25,Norwich,Sheffield Weds,2.0,0.0,3.0,4.0,0.0,0.0,0.0,0.0,19.0,4.0,2026-02
Championship,2026-02-25,Sheffield United,Coventry,1.0,2.0,7.0,3.0,3.0,2.0,0.0,0.0,22.0,11.0,2026-02
National League,2026-02-25,Hartlepool,Carlisle,3.0,1.0,,,1.0,1.0,0.0,1.0,,,2026-02
National League,2026-02-25,Gateshead,Morecambe,4.0,4.0,,,1.0,3.0,0.0,0.0,,,2026-02
National League,2026-02-25,Eastleigh,Truro,2.0,1.0,,,1.0,1.0,0.0,0.0,,,2026-02
National League,2026-02-25,Braintree Town,Aldershot,1.0,2.0,,,1.0,2.0,0.0,0.0,,,2026-02
National League,2026-02-25,Yeovil,Sutton,3.0,2.0,,,3.0,5.0,0.0,0.0,,,2026-02
Championship Escocia,2026-02-24,Dunfermline,Partick,2.0,2.0,1.0,3.0,2.0,4.0,0.0,0.0,4.0,8.0,2026-02
Premiership Escocia,2026-02-24,Dundee United,Aberdeen,0.0,0.0,4.0,6.0,0.0,0.0,0.0,0.0,15.0,12.0,2026-02
National League,2026-02-24,Wealdstone,Brackley Town,2.0,1.0,,,2.0,2.0,0.0,1.0,,,2026-02
National League,2026-02-24,Tamworth,Altrincham,5.0,1.0,,,1.0,4.0,0.0,2.0,,,2026-02
National League,2026-02-24,Southend,Boreham Wood,0.0,2.0,,,1.0,1.0,0.0,0.0,,,2026-02
National League,2026-02-24,Scunthorpe,York,0.0,3.0,,,3.0,3.0,0.0,0.0,,,2026-02
League 2 Escocia,2026-02-24,Dumbarton,Clyde,0.0,0.0,4.0,4.0,3.0,1.0,0.0,0.0,9.0,10.0,2026-02
National League,2026-02-24,Forest Green,Boston Utd,2.0,3.0,,,3.0,2.0,0.0,0.0,,,2026-02
League 2,2026-02-24,Salford,Shrewsbury,1.0,2.0,2.0,2.0,1.0,1.0,0.0,0.0,13.0,12.0,2026-02
League 2 Escocia,2026-02-24,Elgin,Edinburgh City,3.0,0.0,6.0,4.0,2.0,2.0,0.0,0.0,7.0,6.0,2026-02
League 2 Escocia,2026-02-24,Stirling,Annan Athletic,2.0,0.0,2.0,12.0,2.0,1.0,0.0,0.0,10.0,15.0,2026-02
League 2,2026-02-24,Accrington,Barnet,0.0,1.0,2.0,3.0,1.0,0.0,0.0,0.0,3.0,21.0,2026-02
National League,2026-02-24,Halifax,Rochdale,2.0,2.0,,,3.0,1.0,0.0,0.0,,,2026-02
Championship Escocia,2026-02-24,Queens Park,St Johnstone,1.0,1.0,2.0,8.0,3.0,3.0,0.0,1.0,3.0,9.0,2026-02
Championship,2026-02-24,Swansea,Preston,1.0,1.0,4.0,8.0,2.0,2.0,0.0,0.0,12.0,14.0,2026-02
League 1,2026-02-24,Northampton,Port Vale,0.0,1.0,6.0,0.0,1.0,0.0,0.0,0.0,7.0,7.0,2026-02
League 1,2026-02-24,Burton,Stockport,3.0,0.0,1.0,3.0,1.0,4.0,0.0,0.0,9.0,6.0,2026-02
Championship,2026-02-24,Blackburn,Bristol City,1.0,2.0,6.0,4.0,2.0,2.0,0.0,0.0,19.0,10.0,2026-02
Championship,2026-02-24,Hull,Derby,4.0,2.0,7.0,3.0,2.0,2.0,0.0,0.0,9.0,18.0,2026-02
Championship,2026-02-24,Middlesbrough,Leicester,1.0,1.0,8.0,5.0,1.0,1.0,0.0,0.0,17.0,11.0,2026-02
Championship,2026-02-24,Watford,Ipswich,0.0,2.0,3.0,4.0,2.0,3.0,0.0,0.0,11.0,11.0,2026-02
Championship,2026-02-24,West Brom,Charlton,1.0,1.0,7.0,0.0,2.0,3.0,0.0,0.0,18.0,3.0,2026-02
Championship,2026-02-24,Wrexham,Portsmouth,2.0,1.0,3.0,15.0,0.0,1.0,0.0,0.0,10.0,9.0,2026-02
Championship,2026-02-24,Southampton,QPR,5.0,0.0,5.0,3.0,1.0,0.0,0.0,0.0,14.0,5.0,2026-02
League 1,2026-02-24,Bradford,Rotherham,1.0,0.0,6.0,7.0,1.0,1.0,0.0,0.0,14.0,7.0,2026-02
Serie A,2026-02-23,Fiorentina,Pisa,1.0,0.0,4.0,3.0,3.0,3.0,0.0,0.0,15.0,7.0,2026-02
Premier League,2026-02-23,Everton,Man United,0.0,1.0,10.0,1.0,2.0,3.0,0.0,0.0,12.0,11.0,2026-02
League 2,2026-02-23,Walsall,Milton Keynes Dons,0.0,2.0,2.0,8.0,2.0,3.0,0.0,0.0,7.0,7.0,2026-02
La Liga 2,2026-02-23,Cadiz,Sociedad B,0.0,2.0,8.0,3.0,1.0,2.0,0.0,0.0,14.0,17.0,2026-02
Turkey Super Lig,2026-02-23,Fenerbahce,Kasimpasa,1.0,1.0,8.0,1.0,3.0,7.0,0.0,1.0,21.0,5.0,2026-02
Serie A,2026-02-23,Bologna,Udinese,1.0,0.0,4.0,7.0,1.0,1.0,0.0,0.0,11.0,10.0,2026-02
La Liga,2026-02-23,Alaves,Girona,2.0,2.0,7.0,6.0,2.0,2.0,0.0,0.0,17.0,10.0,2026-02
Ligue 2,2026-02-23,Le Mans,Guingamp,1.0,1.0,3.0,4.0,3.0,1.0,0.0,0.0,9.0,14.0,2026-02
Primeira Liga,2026-02-23,Famalicao,Casa Pia,2.0,0.0,7.0,7.0,3.0,2.0,0.0,0.0,24.0,7.0,2026-02
Eredivisie,2026-02-22,Utrecht,Zwolle,1.0,1.0,6.0,4.0,1.0,0.0,0.0,1.0,24.0,9.0,2026-02
La Liga,2026-02-22,Celta,Mallorca,2.0,0.0,7.0,2.0,1.0,5.0,0.0,0.0,20.0,1.0,2026-02
Ligue 1,2026-02-22,Strasbourg,Lyon,3.0,1.0,4.0,2.0,1.0,2.0,0.0,0.0,13.0,4.0,2026-02
La Liga,2026-02-22,Villarreal,Valencia,2.0,1.0,5.0,4.0,2.0,4.0,0.0,0.0,12.0,8.0,2026-02
Bundesliga 2,2026-02-22,Paderborn,Hertha,5.0,2.0,4.0,7.0,0.0,1.0,0.0,0.0,17.0,8.0,2026-02
Serie A,2026-02-22,Roma,Cremonese,3.0,0.0,9.0,1.0,1.0,1.0,0.0,0.0,23.0,2.0,2026-02
Bundesliga 2,2026-02-22,Preußen Münster,Kaiserslautern,2.0,3.0,6.0,5.0,3.0,3.0,0.0,0.0,20.0,17.0,2026-02
Primeira Liga,2026-02-22,Porto,Rio Ave,1.0,0.0,10.0,1.0,2.0,3.0,0.0,0.0,16.0,6.0,2026-02
Primeira Liga,2026-02-22,Estoril,Gil Vicente,3.0,1.0,1.0,4.0,0.0,0.0,0.0,0.0,10.0,12.0,2026-02
Ligue 1,2026-02-22,Auxerre,Rennes,0.0,3.0,4.0,5.0,1.0,4.0,0.0,0.0,11.0,12.0,2026-02
Bundesliga 2,2026-02-22,Hannover,Dresden,0.0,0.0,9.0,2.0,2.0,3.0,0.0,0.0,12.0,6.0,2026-02
Eredivisie,2026-02-22,Go Ahead Eagles,Heracles,4.0,0.0,4.0,5.0,1.0,3.0,0.0,0.0,12.0,9.0,2026-02
Turkey Super Lig,2026-02-22,Gaziantep,Trabzonspor,1.0,2.0,11.0,4.0,1.0,1.0,0.0,0.0,15.0,13.0,2026-02
Eredivisie,2026-02-22,AZ Alkmaar,Sparta Rotterdam,3.0,1.0,2.0,7.0,2.0,2.0,0.0,0.0,11.0,12.0,2026-02
Eredivisie,2026-02-22,Feyenoord,Telstar,2.0,1.0,5.0,1.0,1.0,1.0,0.0,0.0,19.0,8.0,2026-02
Jupiler Pro League,2026-02-22,Genk,Standard,0.0,3.0,9.0,5.0,0.0,0.0,0.0,0.0,20.0,12.0,2026-02
Super League Greece,2026-02-22,OFI Crete,Panathinaikos,0.0,2.0,2.0,7.0,2.0,3.0,1.0,0.0,4.0,12.0,2026-02
Ligue 1,2026-02-22,Angers,Lille,0.0,1.0,1.0,7.0,3.0,1.0,0.0,0.0,6.0,14.0,2026-02
Serie A,2026-02-22,Milan,Parma,0.0,1.0,5.0,2.0,2.0,1.0,0.0,0.0,25.0,9.0,2026-02
Serie A,2026-02-22,Atalanta,Napoli,2.0,1.0,6.0,1.0,1.0,1.0,0.0,0.0,10.0,10.0,2026-02
Serie A,2026-02-22,Genoa,Torino,3.0,0.0,1.0,3.0,0.0,1.0,0.0,1.0,16.0,7.0,2026-02
Championship,2026-02-22,Sheffield United,Sheffield Weds,2.0,1.0,2.0,6.0,1.0,5.0,1.0,1.0,10.0,6.0,2026-02
La Liga 2,2026-02-22,Sp Gijon,Valladolid,2.0,2.0,6.0,3.0,3.0,2.0,0.0,0.0,17.0,12.0,2026-02
La Liga 2,2026-02-22,Andorra,Zaragoza,2.0,1.0,6.0,5.0,3.0,4.0,0.0,1.0,17.0,6.0,2026-02
Premier League,2026-02-22,Crystal Palace,Wolves,1.0,0.0,7.0,3.0,5.0,1.0,0.0,1.0,14.0,12.0,2026-02
Ligue 1,2026-02-22,Nice,Lorient,3.0,3.0,3.0,7.0,2.0,3.0,0.0,0.0,8.0,17.0,2026-02
Eredivisie,2026-02-22,Twente,Groningen,2.0,1.0,4.0,4.0,0.0,2.0,0.0,0.0,6.0,11.0,2026-02
Premier League,2026-02-22,Nott'm Forest,Liverpool,0.0,1.0,7.0,2.0,2.0,0.0,0.0,0.0,18.0,10.0,2026-02
La Liga 2,2026-02-22,Santander,Burgos,1.0,0.0,5.0,7.0,3.0,2.0,0.0,0.0,8.0,10.0,2026-02
Turkey Super Lig,2026-02-22,Besiktas,Goztep,4.0,0.0,9.0,4.0,2.0,1.0,0.0,0.0,12.0,8.0,2026-02
Ligue 1,2026-02-22,Nantes,Le Havre,2.0,0.0,5.0,6.0,4.0,3.0,0.0,0.0,9.0,6.0,2026-02
Super League Greece,2026-02-22,Panserraikos,Volos NFC,2.0,1.0,2.0,3.0,1.0,3.0,0.0,0.0,7.0,12.0,2026-02
Bundesliga,2026-02-22,Freiburg,M'gladbach,2.0,1.0,3.0,3.0,1.0,2.0,0.0,0.0,10.0,12.0,2026-02
Bundesliga,2026-02-22,St Pauli,Werder Bremen,2.0,1.0,1.0,5.0,2.0,6.0,0.0,0.0,5.0,13.0,2026-02
Bundesliga,2026-02-22,Heidenheim,Stuttgart,3.0,3.0,3.0,4.0,1.0,2.0,0.0,0.0,10.0,12.0,2026-02
Serie B,2026-02-22,Reggiana,Avellino,1.0,1.0,1.0,8.0,2.0,1.0,0.0,0.0,9.0,7.0,2026-02
Super League Greece,2026-02-22,Larisa,PAOK,1.0,1.0,4.0,5.0,4.0,0.0,0.0,0.0,6.0,10.0,2026-02
Serie B,2026-02-22,Juve Stabia,Modena,1.0,2.0,19.0,3.0,4.0,4.0,0.0,1.0,23.0,9.0,2026-02
Premiership Escocia,2026-02-22,Celtic,Hibernian,1.0,2.0,11.0,1.0,2.0,1.0,1.0,0.0,21.0,8.0,2026-02
Premiership Escocia,2026-02-22,Livingston,Rangers,2.0,2.0,3.0,15.0,3.0,2.0,1.0,0.0,5.0,31.0,2026-02
Premier League,2026-02-22,Sunderland,Fulham,1.0,3.0,6.0,4.0,1.0,1.0,0.0,0.0,12.0,12.0,2026-02
La Liga 2,2026-02-22,Malaga,Albacete,1.0,0.0,4.0,3.0,2.0,1.0,0.0,0.0,15.0,8.0,2026-02
Jupiler Pro League,2026-02-22,Westerlo,Charleroi,2.0,1.0,0.0,6.0,2.0,2.0,0.0,0.0,12.0,16.0,2026-02
Turkey Super Lig,2026-02-22,Karagumruk,Samsunspor,0.0,0.0,5.0,1.0,1.0,1.0,0.0,0.0,12.0,7.0,2026-02
Premier League,2026-02-22,Tottenham,Arsenal,1.0,4.0,2.0,5.0,2.0,1.0,0.0,0.0,6.0,20.0,2026-02
La Liga,2026-02-22,Barcelona,Levante,3.0,0.0,13.0,6.0,2.0,1.0,0.0,0.0,22.0,5.0,2026-02
Jupiler Pro League,2026-02-22,RAAL La Louviere,Mechelen,0.0,2.0,4.0,4.0,1.0,0.0,1.0,0.0,7.0,6.0,2026-02
Jupiler Pro League,2026-02-22,Waregem,Anderlecht,2.0,4.0,6.0,4.0,1.0,1.0,0.0,0.0,30.0,12.0,2026-02
Super League Greece,2026-02-22,Aris,Kifisia,1.0,1.0,9.0,3.0,3.0,3.0,0.0,0.0,24.0,14.0,2026-02
Super League Greece,2026-02-22,AEK,Levadeiakos,4.0,0.0,3.0,3.0,3.0,2.0,0.0,0.0,15.0,6.0,2026-02
Turkey Super Lig,2026-02-22,Kayserispor,Antalyaspor,1.0,0.0,5.0,5.0,3.0,1.0,0.0,0.0,15.0,11.0,2026-02
La Liga,2026-02-22,Getafe,Sevilla,0.0,1.0,2.0,2.0,1.0,1.0,1.0,0.0,6.0,6.0,2026-02
Super League Greece,2026-02-21,Olympiakos,Panetolikos,2.0,0.0,12.0,4.0,1.0,2.0,0.0,0.0,27.0,5.0,2026-02
League 2 Escocia,2026-02-21,Clyde,Edinburgh City,5.0,0.0,5.0,2.0,4.0,3.0,0.0,0.0,15.0,10.0,2026-02
League 2 Escocia,2026-02-21,East Kilbride,Dumbarton,3.0,1.0,4.0,3.0,2.0,3.0,0.0,0.0,14.0,10.0,2026-02
Eredivisie,2026-02-21,PSV Eindhoven,Heerenveen,3.0,1.0,9.0,3.0,2.0,1.0,0.0,0.0,29.0,14.0,2026-02
League 2 Escocia,2026-02-21,Elgin,Stirling,1.0,0.0,4.0,3.0,1.0,2.0,0.0,1.0,10.0,9.0,2026-02
La Liga 2,2026-02-21,Leganes,Cultural Leonesa,1.0,1.0,7.0,0.0,3.0,3.0,0.0,0.0,11.0,11.0,2026-02
La Liga 2,2026-02-21,Las Palmas,Castellon,1.0,1.0,4.0,4.0,2.0,3.0,0.0,1.0,10.0,15.0,2026-02
Super League Greece,2026-02-21,Asteras Tripolis,Atromitos,1.0,2.0,6.0,6.0,2.0,1.0,0.0,0.0,15.0,8.0,2026-02
La Liga 2,2026-02-21,Huesca,Mirandes,1.0,2.0,9.0,4.0,4.0,3.0,0.0,0.0,20.0,12.0,2026-02
La Liga 2,2026-02-21,La Coruna,Eibar,1.0,0.0,6.0,3.0,6.0,1.0,1.0,0.0,15.0,14.0,2026-02
La Liga 2,2026-02-21,Almeria,Cordoba,2.0,1.0,6.0,6.0,2.0,2.0,0.0,0.0,14.0,12.0,2026-02
Eredivisie,2026-02-21,Ajax,Nijmegen,1.0,1.0,6.0,7.0,1.0,1.0,0.0,0.0,9.0,18.0,2026-02
League 1,2026-02-21,Peterboro,Exeter,3.0,3.0,6.0,1.0,1.0,4.0,0.0,0.0,16.0,10.0,2026-02
Eredivisie,2026-02-21,NAC Breda,Volendam,1.0,0.0,6.0,3.0,1.0,3.0,0.0,0.0,17.0,8.0,2026-02
Bundesliga,2026-02-21,Union Berlin,Leverkusen,1.0,0.0,4.0,5.0,5.0,2.0,0.0,0.0,8.0,16.0,2026-02
Championship,2026-02-21,Watford,Derby,2.0,0.0,2.0,2.0,2.0,2.0,0.0,0.0,18.0,5.0,2026-02
Championship,2026-02-21,Wrexham,Ipswich,5.0,3.0,5.0,2.0,5.0,4.0,0.0,0.0,17.0,13.0,2026-02
Bundesliga,2026-02-21,Bayern Munich,Ein Frankfurt,3.0,2.0,8.0,2.0,0.0,3.0,0.0,0.0,24.0,9.0,2026-02
Bundesliga,2026-02-21,FC Koln,Hoffenheim,2.0,2.0,3.0,10.0,1.0,3.0,0.0,0.0,9.0,18.0,2026-02
Bundesliga,2026-02-21,Wolfsburg,Augsburg,2.0,3.0,4.0,10.0,3.0,4.0,0.0,0.0,10.0,15.0,2026-02
League 1,2026-02-21,Northampton,Leyton Orient,1.0,2.0,7.0,4.0,1.0,2.0,0.0,0.0,15.0,9.0,2026-02
League 1,2026-02-21,Mansfield,Lincoln,0.0,2.0,2.0,4.0,2.0,3.0,0.0,0.0,11.0,13.0,2026-02
League 1,2026-02-21,AFC Wimbledon,Bradford,3.0,1.0,3.0,2.0,1.0,0.0,0.0,0.0,10.0,6.0,2026-02
Championship Escocia,2026-02-21,Ayr,Ross County,0.0,0.0,1.0,4.0,2.0,3.0,0.0,0.0,7.0,1.0,2026-02
Championship Escocia,2026-02-21,Partick,Airdrie Utd,1.0,0.0,7.0,4.0,5.0,3.0,0.0,0.0,19.0,8.0,2026-02
Championship Escocia,2026-02-21,Arbroath,Dunfermline,4.0,2.0,5.0,4.0,1.0,3.0,1.0,0.0,8.0,5.0,2026-02
Championship Escocia,2026-02-21,Queens Park,Morton,3.0,2.0,3.0,4.0,1.0,2.0,0.0,0.0,10.0,8.0,2026-02
League 1,2026-02-21,Port Vale,Reading,1.0,1.0,9.0,3.0,0.0,2.0,0.0,0.0,13.0,10.0,2026-02
Premier League,2026-02-21,Aston Villa,Leeds,1.0,1.0,7.0,2.0,1.0,4.0,0.0,0.0,16.0,14.0,2026-02
League 2,2026-02-21,Cheltenham,Salford,3.0,2.0,7.0,3.0,1.0,5.0,0.0,1.0,13.0,6.0,2026-02
League 2,2026-02-21,Swindon,Crewe,1.0,2.0,7.0,6.0,1.0,1.0,0.0,0.0,21.0,7.0,2026-02
Primeira Liga,2026-02-21,Benfica,AVS,3.0,0.0,10.0,1.0,0.0,0.0,0.0,0.0,22.0,3.0,2026-02
National League,2026-02-21,Brackley Town,Southend,0.0,3.0,,,3.0,2.0,0.0,0.0,,,2026-02
National League,2026-02-21,Rochdale,Woking,3.0,0.0,,,2.0,4.0,0.0,0.0,,,2026-02
National League,2026-02-21,Boston Utd,Tamworth,0.0,0.0,,,2.0,0.0,0.0,0.0,,,2026-02
National League,2026-02-21,Carlisle,Yeovil,3.0,0.0,,,1.0,0.0,0.0,0.0,,,2026-02
National League,2026-02-21,Morecambe,Eastleigh,4.0,0.0,,,1.0,0.0,0.0,0.0,,,2026-02
National League,2026-02-21,Sutton,Wealdstone,3.0,0.0,,,3.0,0.0,0.0,0.0,,,2026-02
National League,2026-02-21,Boreham Wood,Forest Green,1.0,1.0,,,2.0,2.0,0.0,1.0,,,2026-02
League 2,2026-02-21,Fleetwood Town,Barrow,3.0,2.0,4.0,3.0,2.0,3.0,0.0,0.0,11.0,5.0,2026-02
National League,2026-02-21,York,Halifax,4.0,1.0,,,2.0,1.0,0.0,0.0,,,2026-02
National League,2026-02-21,Solihull,Hartlepool,3.0,4.0,,,6.0,1.0,0.0,0.0,,,2026-02
Primeira Liga,2026-02-21,Arouca,Nacional,3.0,0.0,4.0,1.0,5.0,3.0,1.0,1.0,10.0,15.0,2026-02
National League,2026-02-21,Altrincham,Braintree Town,2.0,1.0,,,1.0,3.0,0.0,0.0,,,2026-02
League 1,2026-02-21,Rotherham,Doncaster,1.0,2.0,2.0,3.0,3.0,3.0,0.0,0.0,9.0,10.0,2026-02
National League,2026-02-21,Aldershot,Scunthorpe,3.0,1.0,,,4.0,2.0,0.0,0.0,,,2026-02
Ligue 1,2026-02-21,Paris SG,Metz,3.0,0.0,4.0,1.0,0.0,2.0,0.0,0.0,17.0,3.0,2026-02
Ligue 1,2026-02-21,Toulouse,Paris FC,1.0,1.0,12.0,3.0,1.0,5.0,0.0,0.0,23.0,5.0,2026-02
League 2,2026-02-21,Colchester,Barnet,4.0,1.0,2.0,5.0,2.0,3.0,0.0,0.0,14.0,12.0,2026-02
Championship,2026-02-21,Swansea,Bristol City,1.0,0.0,3.0,5.0,2.0,4.0,0.0,0.0,8.0,12.0,2026-02
League 2,2026-02-21,Bristol Rvs,Grimsby,3.0,1.0,5.0,4.0,3.0,0.0,0.0,0.0,18.0,9.0,2026-02
League 2,2026-02-21,Accrington,Shrewsbury,0.0,2.0,6.0,3.0,3.0,0.0,0.0,0.0,12.0,10.0,2026-02
Ligue 1,2026-02-21,Lens,Monaco,2.0,3.0,7.0,2.0,2.0,1.0,0.0,0.0,18.0,10.0,2026-02
Premiership Escocia,2026-02-21,Dundee United,Kilmarnock,1.0,1.0,6.0,3.0,1.0,3.0,0.0,1.0,12.0,8.0,2026-02
League 1,2026-02-21,Plymouth,Cardiff,5.0,2.0,3.0,8.0,3.0,4.0,0.0,0.0,16.0,18.0,2026-02
League 2 Escocia,2026-02-21,Stranraer,Spartans,2.0,1.0,5.0,4.0,1.0,1.0,0.0,0.0,7.0,13.0,2026-02
League 2 Escocia,2026-02-21,Forfar,Annan Athletic,2.0,1.0,8.0,4.0,1.0,1.0,0.0,0.0,12.0,5.0,2026-02
National League,2026-02-21,Truro,Gateshead,1.0,2.0,,,2.0,3.0,0.0,0.0,,,2026-02
Championship,2026-02-21,Hull,QPR,1.0,3.0,8.0,4.0,3.0,1.0,0.0,0.0,14.0,12.0,2026-02
League 1,2026-02-21,Stockport,Wigan,4.0,2.0,6.0,1.0,1.0,1.0,0.0,2.0,22.0,8.0,2026-02
Championship,2026-02-21,West Brom,Coventry,0.0,2.0,3.0,2.0,0.0,3.0,0.0,0.0,11.0,10.0,2026-02
League 2,2026-02-21,Crawley Town,Chesterfield,1.0,1.0,4.0,4.0,4.0,2.0,0.0,0.0,18.0,15.0,2026-02
Bundesliga 2,2026-02-21,Karlsruhe,Holstein Kiel,3.0,1.0,3.0,4.0,5.0,5.0,0.0,0.0,14.0,15.0,2026-02
La Liga,2026-02-21,Sociedad,Oviedo,3.0,3.0,7.0,6.0,2.0,1.0,0.0,0.0,15.0,14.0,2026-02
Primeira Liga,2026-02-21,Sp Braga,Guimaraes,3.0,2.0,0.0,2.0,2.0,3.0,0.0,0.0,7.0,9.0,2026-02
Primeira Liga,2026-02-21,Moreirense,Sp Lisbon,0.0,3.0,1.0,8.0,1.0,1.0,0.0,0.0,6.0,15.0,2026-02
Primeira Liga,2026-02-21,Alverca,Santa Clara,1.0,1.0,5.0,2.0,2.0,2.0,0.0,0.0,7.0,16.0,2026-02
Ligue 2,2026-02-21,Troyes,Pau FC,4.0,3.0,5.0,2.0,5.0,3.0,0.0,0.0,22.0,11.0,2026-02
Premier League,2026-02-21,Brentford,Brighton,0.0,2.0,6.0,4.0,1.0,2.0,0.0,0.0,13.0,11.0,2026-02
League 1 Escocia,2026-02-21,Cove Rangers,Kelty Hearts,1.0,1.0,10.0,3.0,2.0,2.0,0.0,0.0,5.0,5.0,2026-02
Turkey Super Lig,2026-02-21,Alanyaspor,Buyuksehyr,1.0,2.0,6.0,2.0,5.0,5.0,0.0,0.0,13.0,13.0,2026-02
Turkey Super Lig,2026-02-21,Konyaspor,Galatasaray,2.0,0.0,3.0,4.0,4.0,2.0,0.0,0.0,9.0,6.0,2026-02
League 2,2026-02-21,Harrogate,Bromley,0.0,0.0,6.0,4.0,1.0,2.0,0.0,0.0,25.0,6.0,2026-02
League 2,2026-02-21,Gillingham,Oldham,0.0,3.0,10.0,2.0,2.0,2.0,0.0,0.0,15.0,11.0,2026-02
Jupiler Pro League,2026-02-21,St. Gilloise,Antwerp,2.0,1.0,10.0,1.0,2.0,1.0,0.0,0.0,21.0,4.0,2026-02
Bundesliga 2,2026-02-21,Darmstadt,Fortuna Dusseldorf,2.0,1.0,4.0,11.0,4.0,0.0,0.0,1.0,14.0,18.0,2026-02
Serie B,2026-02-21,Carrarese,Monza,0.0,1.0,4.0,7.0,2.0,1.0,0.0,0.0,10.0,9.0,2026-02
Serie B,2026-02-21,Cesena,Spezia,2.0,3.0,7.0,0.0,1.0,2.0,0.0,0.0,22.0,9.0,2026-02
Serie B,2026-02-21,Virtus Entella,Catanzaro,1.0,3.0,5.0,3.0,2.0,1.0,0.0,0.0,16.0,12.0,2026-02
Serie B,2026-02-21,Venezia,Pescara,3.0,2.0,6.0,7.0,1.0,4.0,0.0,0.0,18.0,16.0,2026-02
League 2,2026-02-21,Notts County,Tranmere,5.0,0.0,5.0,2.0,1.0,2.0,0.0,0.0,17.0,5.0,2026-02
Serie B,2026-02-21,Palermo,Sudtirol,3.0,0.0,5.0,3.0,0.0,2.0,0.0,0.0,14.0,14.0,2026-02
Serie B,2026-02-21,Padova,Bari,1.0,1.0,9.0,3.0,3.0,4.0,0.0,0.0,9.0,17.0,2026-02
Serie B,2026-02-21,Mantova,Sampdoria,2.0,1.0,6.0,5.0,2.0,2.0,0.0,0.0,11.0,13.0,2026-02
League 2,2026-02-21,Newport County,Cambridge,0.0,2.0,2.0,9.0,2.0,2.0,0.0,0.0,6.0,14.0,2026-02
Jupiler Pro League,2026-02-21,Club Brugge,Oud-Heverlee Leuven,2.0,1.0,12.0,4.0,0.0,1.0,0.0,0.0,22.0,12.0,2026-02
Jupiler Pro League,2026-02-21,Dender,St Truiden,1.0,4.0,4.0,9.0,3.0,0.0,0.0,0.0,11.0,14.0,2026-02
Championship,2026-02-21,Middlesbrough,Oxford,0.0,0.0,9.0,5.0,3.0,1.0,0.0,0.0,24.0,13.0,2026-02
Bundesliga 2,2026-02-21,Elversberg,Braunschweig,3.0,1.0,4.0,0.0,1.0,1.0,0.0,0.0,12.0,7.0,2026-02
Bundesliga 2,2026-02-21,Schalke 04,Magdeburg,5.0,3.0,4.0,2.0,2.0,0.0,0.0,0.0,22.0,15.0,2026-02
Serie A,2026-02-21,Cagliari,Lazio,0.0,0.0,3.0,6.0,3.0,2.0,1.0,0.0,11.0,10.0,2026-02
League 1,2026-02-21,Huddersfield,Barnsley,2.0,1.0,10.0,7.0,1.0,2.0,0.0,0.0,15.0,10.0,2026-02
Championship,2026-02-21,Millwall,Portsmouth,1.0,3.0,6.0,4.0,1.0,2.0,0.0,0.0,6.0,15.0,2026-02
Championship,2026-02-21,Norwich,Birmingham,1.0,2.0,6.0,5.0,0.0,1.0,0.0,0.0,18.0,9.0,2026-02
Championship,2026-02-21,Southampton,Charlton,1.0,1.0,10.0,1.0,2.0,1.0,0.0,0.0,23.0,6.0,2026-02
Bundesliga,2026-02-21,RB Leipzig,Dortmund,2.0,2.0,6.0,2.0,3.0,4.0,0.0,0.0,13.0,11.0,2026-02
Championship,2026-02-21,Stoke,Leicester,2.0,2.0,7.0,4.0,2.0,1.0,0.0,0.0,11.0,15.0,2026-02
League 1,2026-02-21,Bolton,Blackpool,2.0,2.0,15.0,5.0,1.0,3.0,0.0,0.0,20.0,14.0,2026-02
League 1,2026-02-21,Wycombe,Stevenage,3.0,1.0,6.0,4.0,1.0,1.0,0.0,0.0,8.0,11.0,2026-02
League 1,2026-02-21,Luton,Burton,1.0,1.0,1.0,6.0,3.0,3.0,0.0,0.0,5.0,7.0,2026-02
Premier League,2026-02-21,West Ham,Bournemouth,0.0,0.0,9.0,5.0,1.0,1.0,0.0,0.0,20.0,10.0,2026-02
Premier League,2026-02-21,Man City,Newcastle,2.0,1.0,5.0,5.0,2.0,5.0,0.0,0.0,15.0,13.0,2026-02
Serie A,2026-02-21,Lecce,Inter,0.0,2.0,2.0,10.0,1.0,2.0,0.0,0.0,3.0,24.0,2026-02
La Liga,2026-02-21,Ath Madrid,Espanol,4.0,2.0,5.0,3.0,0.0,1.0,0.0,0.0,18.0,8.0,2026-02
League 1 Escocia,2026-02-21,Alloa,Hamilton,3.0,0.0,2.0,6.0,1.0,1.0,0.0,0.0,22.0,10.0,2026-02
Premiership Escocia,2026-02-21,Aberdeen,Dundee,2.0,3.0,2.0,9.0,3.0,2.0,1.0,0.0,11.0,23.0,2026-02
League 1 Escocia,2026-02-21,Inverness C,Stenhousemuir,1.0,1.0,4.0,3.0,4.0,3.0,1.0,0.0,9.0,7.0,2026-02
Premier League,2026-02-21,Chelsea,Burnley,1.0,1.0,9.0,5.0,2.0,2.0,1.0,0.0,12.0,12.0,2026-02
Serie A,2026-02-21,Juventus,Como,0.0,2.0,7.0,2.0,1.0,0.0,0.0,0.0,11.0,11.0,2026-02
League 1 Escocia,2026-02-21,Montrose,Queen of Sth,3.0,2.0,3.0,5.0,0.0,3.0,0.0,0.0,6.0,16.0,2026-02
Ligue 2,2026-02-21,Reims,Amiens,0.0,0.0,8.0,3.0,1.0,3.0,0.0,0.0,18.0,13.0,2026-02
La Liga,2026-02-21,Osasuna,Real Madrid,2.0,1.0,3.0,7.0,2.0,4.0,0.0,0.0,13.0,15.0,2026-02
La Liga,2026-02-21,Betis,Vallecano,1.0,1.0,3.0,5.0,4.0,3.0,0.0,0.0,14.0,12.0,2026-02
Ligue 2,2026-02-21,St Etienne,Laval,2.0,1.0,10.0,2.0,3.0,1.0,0.0,0.0,19.0,6.0,2026-02
Premiership Escocia,2026-02-21,Hearts,Falkirk,1.0,0.0,8.0,4.0,1.0,3.0,0.0,0.0,17.0,8.0,2026-02
Premiership Escocia,2026-02-21,St Mirren,Motherwell,0.0,5.0,4.0,7.0,4.0,0.0,1.0,0.0,11.0,17.0,2026-02
Turkey Super Lig,2026-02-21,Eyupspor,Genclerbirligi,1.0,0.0,3.0,4.0,1.0,2.0,0.0,0.0,10.0,13.0,2026-02
League 1 Escocia,2026-02-21,Peterhead,East Fife,3.0,1.0,3.0,5.0,1.0,4.0,0.0,0.0,13.0,7.0,2026-02
Primeira Liga,2026-02-20,Estrela,Tondela,0.0,2.0,5.0,3.0,2.0,3.0,1.0,0.0,15.0,11.0,2026-02
Turkey Super Lig,2026-02-20,Rizespor,Kocaelispor,2.0,0.0,2.0,6.0,1.0,3.0,0.0,0.0,11.0,13.0,2026-02
Ligue 2,2026-02-20,Rodez,Montpellier,1.0,0.0,6.0,6.0,1.0,3.0,0.0,0.0,14.0,12.0,2026-02
Serie A,2026-02-20,Sassuolo,Verona,3.0,0.0,6.0,5.0,2.0,3.0,0.0,1.0,8.0,12.0,2026-02
Championship,2026-02-20,Blackburn,Preston,1.0,0.0,5.0,3.0,2.0,2.0,0.0,0.0,13.0,3.0,2026-02
Bundesliga 2,2026-02-20,Bochum,Nurnberg,1.0,1.0,3.0,3.0,1.0,3.0,0.0,0.0,8.0,9.0,2026-02
Ligue 1,2026-02-20,Brest,Marseille,2.0,0.0,3.0,2.0,1.0,4.0,0.0,0.0,12.0,17.0,2026-02
Bundesliga 2,2026-02-20,Greuther Furth,Bielefeld,2.0,1.0,0.0,10.0,2.0,3.0,0.0,0.0,5.0,15.0,2026-02
La Liga,2026-02-20,Ath Bilbao,Elche,2.0,1.0,4.0,1.0,3.0,3.0,0.0,0.0,18.0,2.0,2026-02
Bundesliga,2026-02-20,Mainz,Hamburg,1.0,1.0,7.0,2.0,3.0,2.0,0.0,0.0,17.0,14.0,2026-02
Jupiler Pro League,2026-02-20,Gent,Cercle Brugge,0.0,1.0,4.0,10.0,0.0,4.0,1.0,0.0,5.0,23.0,2026-02
Serie B,2026-02-20,Frosinone,Empoli,2.0,2.0,6.0,3.0,1.0,4.0,0.0,0.0,28.0,13.0,2026-02
Ligue 2,2026-02-20,Nancy,Grenoble,0.0,0.0,12.0,3.0,1.0,1.0,0.0,1.0,16.0,9.0,2026-02
Championship Escocia,2026-02-20,Raith Rvs,St Johnstone,0.0,0.0,3.0,6.0,6.0,1.0,0.0,0.0,5.0,13.0,2026-02
La Liga 2,2026-02-20,Ceuta,Granada,2.0,1.0,5.0,5.0,5.0,3.0,0.0,0.0,10.0,11.0,2026-02
Ligue 2,2026-02-20,Annecy,Red Star,2.0,1.0,2.0,4.0,3.0,2.0,0.0,0.0,16.0,11.0,2026-02
Ligue 2,2026-02-20,Dunkerque,Bastia,1.0,1.0,3.0,5.0,3.0,1.0,0.0,0.0,8.0,13.0,2026-02
Eredivisie,2026-02-20,For Sittard,Excelsior,2.0,1.0,5.0,3.0,1.0,1.0,0.0,0.0,16.0,10.0,2026-02
Ligue 2,2026-02-20,Boulogne,Clermont,0.0,2.0,7.0,4.0,3.0,3.0,0.0,0.0,6.0,9.0,2026-02
Premier League,2026-02-18,Wolves,Arsenal,2.0,2.0,1.0,3.0,2.0,1.0,0.0,0.0,5.0,10.0,2026-02
La Liga,2026-02-18,Levante,Villarreal,0.0,1.0,3.0,2.0,3.0,4.0,0.0,0.0,16.0,15.0,2026-02
Serie A,2026-02-18,Milan,Como,1.0,1.0,4.0,4.0,2.0,3.0,0.0,0.0,6.0,10.0,2026-02
League 2,2026-02-18,Grimsby,Walsall,2.0,2.0,10.0,6.0,1.0,2.0,0.0,1.0,17.0,7.0,2026-02
League 1,2026-02-18,Wigan,Luton,1.0,0.0,7.0,4.0,4.0,2.0,0.0,0.0,7.0,13.0,2026-02
League 1,2026-02-17,Burton,Rotherham,1.0,0.0,10.0,3.0,1.0,2.0,0.0,0.0,11.0,13.0,2026-02
League 2,2026-02-17,Chesterfield,Gillingham,1.0,0.0,8.0,7.0,0.0,3.0,0.0,0.0,19.0,14.0,2026-02
League 1,2026-02-17,Bradford,Stockport,1.0,0.0,4.0,2.0,3.0,2.0,0.0,0.0,8.0,11.0,2026-02
League 2,2026-02-17,Shrewsbury,Notts County,1.0,0.0,6.0,7.0,0.0,4.0,0.0,0.0,10.0,13.0,2026-02
League 2,2026-02-17,Salford,Newport County,1.0,3.0,9.0,1.0,4.0,5.0,0.0,0.0,19.0,6.0,2026-02
League 2,2026-02-17,Oldham,Bristol Rvs,2.0,0.0,2.0,6.0,3.0,4.0,0.0,0.0,7.0,18.0,2026-02
League 2,2026-02-17,Milton Keynes Dons,Crawley Town,0.0,0.0,9.0,2.0,1.0,3.0,0.0,0.0,13.0,11.0,2026-02
Eredivisie,2026-02-17,Sparta Rotterdam,Nijmegen,1.0,1.0,6.0,5.0,3.0,4.0,0.0,0.0,13.0,12.0,2026-02
League 2,2026-02-17,Cambridge,Colchester,1.0,1.0,5.0,3.0,2.0,2.0,0.0,0.0,14.0,9.0,2026-02
League 2,2026-02-17,Bromley,Cheltenham,1.0,1.0,7.0,3.0,3.0,2.0,0.0,0.0,17.0,16.0,2026-02
League 2,2026-02-17,Barrow,Harrogate,0.0,1.0,1.0,6.0,1.0,2.0,0.0,0.0,14.0,7.0,2026-02
League 2,2026-02-17,Barnet,Swindon,1.0,2.0,3.0,1.0,1.0,1.0,0.0,0.0,8.0,8.0,2026-02
League 1,2026-02-17,Barnsley,Peterboro,2.0,1.0,3.0,5.0,2.0,1.0,0.0,0.0,11.0,17.0,2026-02
Championship Escocia,2026-02-17,Morton,Dunfermline,2.0,0.0,2.0,6.0,2.0,2.0,0.0,1.0,12.0,7.0,2026-02
League 1,2026-02-17,Doncaster,Huddersfield,1.0,0.0,0.0,5.0,4.0,1.0,0.0,0.0,6.0,12.0,2026-02
League 2 Escocia,2026-02-17,Elgin,East Kilbride,1.0,6.0,5.0,7.0,2.0,2.0,1.0,0.0,8.0,15.0,2026-02
League 1,2026-02-17,Cardiff,AFC Wimbledon,4.0,1.0,4.0,5.0,0.0,2.0,0.0,0.0,16.0,17.0,2026-02
League 2,2026-02-17,Crewe,Fleetwood Town,0.0,1.0,3.0,5.0,0.0,3.0,0.0,0.0,7.0,17.0,2026-02
League 1,2026-02-17,Exeter,Wycombe,1.0,1.0,8.0,4.0,0.0,2.0,0.0,0.0,20.0,7.0,2026-02
League 2,2026-02-17,Tranmere,Accrington,0.0,1.0,7.0,1.0,1.0,3.0,0.0,2.0,18.0,13.0,2026-02
League 1,2026-02-17,Leyton Orient,Plymouth,1.0,3.0,6.0,6.0,4.0,2.0,0.0,0.0,12.0,16.0,2026-02
National League,2026-02-17,Rochdale,Scunthorpe,1.0,1.0,,,0.0,4.0,0.0,0.0,,,2026-02
National League,2026-02-17,Sutton,Woking,2.0,1.0,,,3.0,2.0,1.0,0.0,,,2026-02
National League,2026-02-17,Yeovil,Aldershot,1.0,2.0,,,3.0,2.0,0.0,0.0,,,2026-02
National League,2026-02-17,Halifax,Gateshead,1.0,2.0,,,1.0,3.0,0.0,0.0,,,2026-02
League 1 Escocia,2026-02-17,Hamilton,East Fife,1.0,0.0,6.0,3.0,2.0,2.0,0.0,0.0,5.0,8.0,2026-02
League 2 Escocia,2026-02-17,Stirling,Clyde,0.0,3.0,4.0,4.0,1.0,3.0,0.0,0.0,9.0,16.0,2026-02
Championship,2026-02-17,Bristol City,Wrexham,2.0,2.0,3.0,2.0,2.0,3.0,0.0,0.0,8.0,9.0,2026-02
Championship,2026-02-17,Charlton,Portsmouth,1.0,3.0,3.0,2.0,7.0,2.0,0.0,0.0,12.0,12.0,2026-02
League 1,2026-02-17,Reading,Bolton,1.0,1.0,4.0,6.0,4.0,1.0,0.0,0.0,6.0,16.0,2026-02
League 1,2026-02-17,Blackpool,Mansfield,1.0,0.0,4.0,1.0,5.0,0.0,0.0,0.0,6.0,11.0,2026-02
League 1,2026-02-17,Stevenage,Port Vale,2.0,1.0,6.0,1.0,3.0,2.0,0.0,0.0,16.0,5.0,2026-02
League 1,2026-02-17,Lincoln,Northampton,4.0,0.0,9.0,1.0,1.0,1.0,0.0,1.0,23.0,4.0,2026-02
League 1 Escocia,2026-02-17,Cove Rangers,Montrose,3.0,1.0,1.0,3.0,1.0,1.0,0.0,0.0,7.0,11.0,2026-02
Primeira Liga,2026-02-16,Rio Ave,Moreirense,1.0,2.0,7.0,1.0,1.0,3.0,0.0,0.0,18.0,6.0,2026-02
Serie A,2026-02-16,Cagliari,Lecce,0.0,2.0,8.0,2.0,0.0,0.0,0.0,0.0,11.0,13.0,2026-02
Ligue 2,2026-02-16,Bastia,Troyes,0.0,0.0,5.0,2.0,2.0,3.0,0.0,0.0,16.0,3.0,2026-02
Turkey Super Lig,2026-02-16,Kasimpasa,Karagumruk,3.0,2.0,2.0,3.0,5.0,2.0,0.0,0.0,12.0,11.0,2026-02
La Liga,2026-02-16,Girona,Barcelona,2.0,1.0,3.0,7.0,1.0,2.0,1.0,0.0,13.0,27.0,2026-02
La Liga 2,2026-02-16,Sociedad B,Malaga,2.0,1.0,5.0,1.0,5.0,4.0,1.0,0.0,13.0,17.0,2026-02
Championship,2026-02-16,Coventry,Middlesbrough,3.0,1.0,3.0,2.0,3.0,2.0,0.0,0.0,9.0,18.0,2026-02
Super League Greece,2026-02-16,Atromitos,Panserraikos,2.0,2.0,4.0,3.0,3.0,3.0,0.0,1.0,15.0,6.0,2026-02
Bundesliga,2026-02-15,RB Leipzig,Wolfsburg,2.0,2.0,6.0,2.0,1.0,2.0,0.0,0.0,20.0,10.0,2026-02
La Liga 2,2026-02-15,Castellon,La Coruna,2.0,0.0,4.0,3.0,3.0,3.0,0.0,0.0,8.0,12.0,2026-02
Primeira Liga,2026-02-15,Nacional,Porto,0.0,1.0,5.0,8.0,4.0,0.0,0.0,0.0,9.0,8.0,2026-02
Eredivisie,2026-02-15,Feyenoord,Go Ahead Eagles,1.0,0.0,19.0,2.0,1.0,3.0,0.0,1.0,33.0,4.0,2026-02
Primeira Liga,2026-02-15,AVS,Estoril,3.0,0.0,9.0,9.0,2.0,2.0,0.0,0.0,15.0,12.0,2026-02
Serie A,2026-02-15,Napoli,Roma,2.0,2.0,2.0,1.0,1.0,1.0,0.0,0.0,11.0,9.0,2026-02
Super League Greece,2026-02-15,Panathinaikos,Larisa,1.0,1.0,4.0,1.0,3.0,2.0,0.0,0.0,16.0,8.0,2026-02
La Liga 2,2026-02-15,Mirandes,Las Palmas,1.0,1.0,3.0,5.0,3.0,1.0,0.0,0.0,6.0,17.0,2026-02
Super League Greece,2026-02-15,PAOK,AEK,0.0,0.0,7.0,5.0,4.0,4.0,0.0,0.0,8.0,12.0,2026-02
Bundesliga,2026-02-15,Augsburg,Heidenheim,1.0,0.0,4.0,5.0,1.0,2.0,0.0,0.0,12.0,16.0,2026-02
La Liga,2026-02-15,Mallorca,Betis,1.0,2.0,7.0,3.0,4.0,3.0,0.0,0.0,14.0,17.0,2026-02
Turkey Super Lig,2026-02-15,Buyuksehyr,Besiktas,2.0,3.0,6.0,3.0,2.0,2.0,0.0,0.0,14.0,13.0,2026-02
Bundesliga 2,2026-02-15,Magdeburg,Bielefeld,0.0,2.0,4.0,4.0,2.0,2.0,0.0,0.0,19.0,14.0,2026-02
Bundesliga 2,2026-02-15,Holstein Kiel,Schalke 04,1.0,2.0,9.0,6.0,3.0,1.0,0.0,0.0,10.0,21.0,2026-02
Bundesliga 2,2026-02-15,Bochum,Paderborn,0.0,0.0,4.0,6.0,2.0,3.0,0.0,0.0,22.0,7.0,2026-02
Serie B,2026-02-15,Spezia,Frosinone,0.0,2.0,2.0,11.0,4.0,2.0,0.0,0.0,6.0,15.0,2026-02
La Liga,2026-02-15,Vallecano,Ath Madrid,3.0,0.0,4.0,8.0,1.0,3.0,0.0,0.0,13.0,9.0,2026-02
La Liga,2026-02-15,Oviedo,Ath Bilbao,1.0,2.0,2.0,3.0,2.0,3.0,0.0,0.0,7.0,13.0,2026-02
Super League Greece,2026-02-15,Kifisia,OFI Crete,2.0,2.0,4.0,2.0,3.0,2.0,0.0,0.0,25.0,6.0,2026-02
Eredivisie,2026-02-15,Heerenveen,Zwolle,4.0,2.0,2.0,5.0,1.0,0.0,0.0,0.0,11.0,12.0,2026-02
La Liga 2,2026-02-15,Huesca,Ceuta,2.0,0.0,2.0,5.0,2.0,1.0,0.0,1.0,10.0,11.0,2026-02
La Liga 2,2026-02-15,Albacete,Sp Gijon,1.0,1.0,4.0,2.0,1.0,0.0,0.0,0.0,9.0,9.0,2026-02
La Liga 2,2026-02-15,Eibar,Santander,2.0,1.0,5.0,5.0,5.0,2.0,0.0,1.0,15.0,11.0,2026-02
Premiership Escocia,2026-02-15,Motherwell,Aberdeen,2.0,0.0,4.0,2.0,1.0,6.0,0.0,0.0,18.0,10.0,2026-02
Ligue 1,2026-02-15,Metz,Auxerre,1.0,3.0,4.0,3.0,2.0,3.0,0.0,0.0,13.0,14.0,2026-02
Eredivisie,2026-02-15,Telstar,Twente,1.0,1.0,3.0,6.0,1.0,1.0,0.0,0.0,14.0,20.0,2026-02
Premiership Escocia,2026-02-15,Kilmarnock,Celtic,2.0,3.0,6.0,7.0,1.0,3.0,0.0,0.0,17.0,24.0,2026-02
Premiership Escocia,2026-02-15,Rangers,Hearts,4.0,2.0,7.0,3.0,4.0,3.0,0.0,0.0,19.0,7.0,2026-02
Serie A,2026-02-15,Udinese,Sassuolo,1.0,2.0,7.0,6.0,3.0,3.0,0.0,0.0,8.0,10.0,2026-02
Serie A,2026-02-15,Cremonese,Genoa,0.0,0.0,6.0,11.0,2.0,0.0,0.0,0.0,19.0,19.0,2026-02
Turkey Super Lig,2026-02-15,Kocaelispor,Gaziantep,3.0,0.0,4.0,2.0,3.0,5.0,0.0,1.0,14.0,7.0,2026-02
Primeira Liga,2026-02-15,Sp Lisbon,Famalicao,1.0,0.0,14.0,1.0,3.0,2.0,0.0,0.0,22.0,2.0,2026-02
Jupiler Pro League,2026-02-15,Cercle Brugge,Club Brugge,1.0,2.0,2.0,8.0,1.0,3.0,0.0,0.0,18.0,10.0,2026-02
Ligue 1,2026-02-15,Le Havre,Toulouse,2.0,1.0,1.0,10.0,1.0,4.0,1.0,0.0,5.0,25.0,2026-02
Ligue 1,2026-02-15,Lorient,Angers,2.0,0.0,3.0,2.0,0.0,0.0,0.0,0.0,8.0,10.0,2026-02
Turkey Super Lig,2026-02-15,Goztep,Kayserispor,0.0,0.0,6.0,3.0,2.0,1.0,0.0,0.0,17.0,10.0,2026-02
Ligue 1,2026-02-15,Lyon,Nice,2.0,0.0,8.0,5.0,3.0,1.0,0.0,0.0,9.0,10.0,2026-02
Serie B,2026-02-15,Empoli,Reggiana,1.0,1.0,12.0,1.0,4.0,2.0,0.0,0.0,19.0,5.0,2026-02
Serie B,2026-02-15,Monza,Juve Stabia,2.0,1.0,5.0,7.0,0.0,0.0,0.0,0.0,13.0,14.0,2026-02
Jupiler Pro League,2026-02-15,Antwerp,Westerlo,0.0,2.0,4.0,2.0,2.0,4.0,0.0,0.0,5.0,12.0,2026-02
Serie A,2026-02-15,Torino,Bologna,1.0,2.0,4.0,2.0,3.0,1.0,0.0,0.0,7.0,14.0,2026-02
Serie A,2026-02-15,Parma,Verona,2.0,1.0,12.0,1.0,2.0,1.0,0.0,1.0,27.0,4.0,2026-02
La Liga,2026-02-15,Levante,Valencia,0.0,2.0,3.0,2.0,3.0,2.0,1.0,0.0,9.0,5.0,2026-02
Serie B,2026-02-15,Avellino,Pescara,0.0,1.0,6.0,4.0,4.0,4.0,0.0,0.0,11.0,16.0,2026-02
Jupiler Pro League,2026-02-15,St Truiden,Waregem,3.0,2.0,7.0,6.0,3.0,3.0,0.0,1.0,17.0,12.0,2026-02
Serie B,2026-02-15,Bari,Sudtirol,1.0,2.0,3.0,5.0,0.0,3.0,0.0,0.0,12.0,18.0,2026-02
Jupiler Pro League,2026-02-15,Anderlecht,RAAL La Louviere,0.0,0.0,8.0,4.0,1.0,5.0,0.0,0.0,19.0,6.0,2026-02
Eredivisie,2026-02-14,Ajax,For Sittard,4.0,1.0,4.0,0.0,0.0,0.0,0.0,0.0,20.0,8.0,2026-02
National League,2026-02-14,Scunthorpe,Boston Utd,3.0,6.0,,,2.0,4.0,0.0,0.0,,,2026-02
National League,2026-02-14,Halifax,Truro,1.0,0.0,,,1.0,0.0,0.0,0.0,,,2026-02
National League,2026-02-14,Gateshead,Brackley Town,1.0,2.0,,,1.0,0.0,0.0,0.0,,,2026-02
National League,2026-02-14,Eastleigh,Boreham Wood,2.0,2.0,,,2.0,0.0,0.0,0.0,,,2026-02
National League,2026-02-14,Braintree Town,Solihull,0.0,0.0,,,1.0,4.0,0.0,0.0,,,2026-02
Turkey Super Lig,2026-02-14,Genclerbirligi,Rizespor,2.0,2.0,4.0,11.0,3.0,4.0,0.0,0.0,12.0,15.0,2026-02
National League,2026-02-14,Southend,Morecambe,5.0,1.0,,,1.0,1.0,0.0,0.0,,,2026-02
Turkey Super Lig,2026-02-14,Trabzonspor,Fenerbahce,2.0,3.0,7.0,7.0,4.0,5.0,0.0,0.0,17.0,9.0,2026-02
League 2,2026-02-14,Barrow,Colchester,1.0,0.0,2.0,10.0,2.0,3.0,0.0,0.0,5.0,9.0,2026-02
Primeira Liga,2026-02-14,Guimaraes,Estrela,2.0,1.0,9.0,2.0,3.0,2.0,0.0,0.0,20.0,7.0,2026-02
Bundesliga,2026-02-14,Werder Bremen,Bayern Munich,0.0,3.0,2.0,4.0,3.0,1.0,0.0,0.0,14.0,11.0,2026-02
Serie B,2026-02-14,Modena,Carrarese,2.0,0.0,6.0,5.0,5.0,5.0,0.0,0.0,13.0,13.0,2026-02
La Liga 2,2026-02-14,Cordoba,Leganes,2.0,1.0,7.0,4.0,1.0,1.0,0.0,0.0,22.0,17.0,2026-02
Serie B,2026-02-14,Sampdoria,Padova,1.0,0.0,5.0,1.0,2.0,1.0,0.0,0.0,12.0,5.0,2026-02
Serie B,2026-02-14,Catanzaro,Mantova,2.0,0.0,2.0,11.0,0.0,1.0,0.0,0.0,4.0,18.0,2026-02
Serie B,2026-02-14,Cesena,Venezia,0.0,4.0,5.0,5.0,3.0,1.0,0.0,0.0,11.0,14.0,2026-02
Eredivisie,2026-02-14,Excelsior,AZ Alkmaar,1.0,2.0,7.0,5.0,1.0,2.0,0.0,0.0,11.0,16.0,2026-02
Championship,2026-02-14,Derby,Swansea,2.0,0.0,6.0,2.0,2.0,2.0,0.0,0.0,11.0,15.0,2026-02
Championship,2026-02-14,Portsmouth,Sheffield United,0.0,1.0,11.0,4.0,1.0,4.0,0.0,0.0,23.0,11.0,2026-02
Championship,2026-02-14,Preston,Watford,2.0,2.0,9.0,7.0,1.0,1.0,0.0,0.0,8.0,20.0,2026-02
Serie A,2026-02-14,Inter,Juventus,3.0,2.0,4.0,1.0,4.0,2.0,0.0,1.0,21.0,11.0,2026-02
National League,2026-02-14,Tamworth,Aldershot,1.0,1.0,,,1.0,1.0,1.0,1.0,,,2026-02
Bundesliga,2026-02-14,Hoffenheim,Freiburg,3.0,0.0,6.0,6.0,3.0,1.0,0.0,0.0,25.0,13.0,2026-02
National League,2026-02-14,Wealdstone,York,0.0,3.0,,,1.0,0.0,1.0,0.0,,,2026-02
National League,2026-02-14,Yeovil,Rochdale,1.0,1.0,,,0.0,0.0,1.0,0.0,,,2026-02
Ligue 2,2026-02-14,Guingamp,St Etienne,1.0,2.0,6.0,3.0,2.0,1.0,0.0,0.0,12.0,12.0,2026-02
Ligue 2,2026-02-14,Montpellier,Le Mans,4.0,2.0,4.0,6.0,0.0,2.0,0.0,0.0,7.0,13.0,2026-02
Ligue 2,2026-02-14,Grenoble,Reims,0.0,0.0,3.0,12.0,1.0,2.0,0.0,0.0,10.0,25.0,2026-02
Championship Escocia,2026-02-14,Morton,Raith Rvs,0.0,0.0,8.0,1.0,4.0,4.0,0.0,0.0,8.0,4.0,2026-02
Championship Escocia,2026-02-14,Ross County,Queens Park,0.0,1.0,4.0,2.0,2.0,2.0,0.0,0.0,8.0,11.0,2026-02
Bundesliga,2026-02-14,Ein Frankfurt,M'gladbach,3.0,0.0,2.0,8.0,3.0,2.0,0.0,0.0,12.0,20.0,2026-02
Serie A,2026-02-14,Como,Fiorentina,1.0,2.0,4.0,2.0,4.0,2.0,1.0,0.0,16.0,7.0,2026-02
Serie A,2026-02-14,Lazio,Atalanta,0.0,2.0,5.0,4.0,1.0,4.0,0.0,0.0,18.0,12.0,2026-02
Bundesliga,2026-02-14,Leverkusen,St Pauli,4.0,0.0,8.0,3.0,0.0,1.0,0.0,0.0,12.0,11.0,2026-02
Championship,2026-02-14,Sheffield Weds,Millwall,1.0,2.0,3.0,11.0,3.0,2.0,0.0,0.0,11.0,20.0,2026-02
Bundesliga,2026-02-14,Hamburg,Union Berlin,3.0,2.0,6.0,3.0,3.0,0.0,0.0,0.0,13.0,12.0,2026-02
League 2,2026-02-14,Barnet,Cheltenham,0.0,0.0,9.0,0.0,4.0,1.0,0.0,1.0,13.0,5.0,2026-02
Bundesliga,2026-02-14,Stuttgart,FC Koln,3.0,1.0,2.0,5.0,4.0,1.0,0.0,0.0,13.0,10.0,2026-02
Eredivisie,2026-02-14,Heracles,NAC Breda,0.0,1.0,4.0,3.0,0.0,1.0,0.0,0.0,14.0,13.0,2026-02
Turkey Super Lig,2026-02-14,Alanyaspor,Konyaspor,2.0,1.0,4.0,3.0,2.0,4.0,0.0,0.0,19.0,9.0,2026-02
La Liga 2,2026-02-14,Burgos,Cadiz,1.0,1.0,6.0,0.0,1.0,2.0,0.0,0.0,21.0,5.0,2026-02
La Liga 2,2026-02-14,Cultural Leonesa,Zaragoza,0.0,0.0,1.0,8.0,1.0,3.0,0.0,0.0,13.0,12.0,2026-02
La Liga 2,2026-02-14,Granada,Valladolid,5.0,1.0,4.0,2.0,1.0,3.0,0.0,1.0,22.0,8.0,2026-02
League 2 Escocia,2026-02-14,Spartans,Edinburgh City,0.0,0.0,9.0,1.0,2.0,0.0,0.0,0.0,13.0,6.0,2026-02
Championship,2026-02-14,QPR,Blackburn,1.0,3.0,8.0,1.0,2.0,3.0,0.0,0.0,21.0,7.0,2026-02
League 2 Escocia,2026-02-14,Annan Athletic,East Kilbride,2.0,4.0,7.0,1.0,2.0,3.0,1.0,0.0,8.0,12.0,2026-02
Jupiler Pro League,2026-02-14,Standard,St. Gilloise,1.0,1.0,3.0,5.0,4.0,4.0,0.0,0.0,7.0,16.0,2026-02
League 1,2026-02-14,Lincoln,Bolton,1.0,1.0,4.0,3.0,2.0,5.0,0.0,0.0,22.0,8.0,2026-02
League 1,2026-02-14,Stevenage,Huddersfield,1.0,0.0,3.0,4.0,3.0,3.0,0.0,0.0,8.0,5.0,2026-02
League 1,2026-02-14,Reading,Wycombe,3.0,2.0,1.0,8.0,3.0,2.0,0.0,0.0,7.0,24.0,2026-02
Premiership Escocia,2026-02-14,Dundee,Livingston,2.0,2.0,10.0,2.0,2.0,2.0,0.0,0.0,16.0,16.0,2026-02
League 1,2026-02-14,Bradford,Peterboro,2.0,0.0,10.0,5.0,3.0,3.0,0.0,0.0,29.0,4.0,2026-02
Super League Greece,2026-02-14,Levadeiakos,Olympiakos,0.0,0.0,2.0,8.0,3.0,1.0,1.0,0.0,3.0,23.0,2026-02
Super League Greece,2026-02-14,Volos NFC,Aris,1.0,1.0,4.0,1.0,2.0,3.0,0.0,1.0,16.0,4.0,2026-02
League 1,2026-02-14,Cardiff,Luton,3.0,1.0,7.0,3.0,3.0,2.0,0.0,0.0,18.0,3.0,2026-02
League 1,2026-02-14,Exeter,Northampton,0.0,0.0,11.0,1.0,0.0,1.0,0.0,0.0,17.0,3.0,2026-02
League 1,2026-02-14,Blackpool,Plymouth,0.0,4.0,4.0,6.0,1.0,3.0,1.0,0.0,5.0,22.0,2026-02
Ligue 1,2026-02-14,Marseille,Strasbourg,2.0,2.0,5.0,5.0,4.0,2.0,0.0,0.0,10.0,12.0,2026-02
National League,2026-02-14,Forest Green,Carlisle,1.0,3.0,,,2.0,3.0,0.0,0.0,,,2026-02
Ligue 1,2026-02-14,Lille,Brest,1.0,1.0,13.0,1.0,0.0,1.0,0.0,0.0,20.0,11.0,2026-02
Ligue 1,2026-02-14,Paris FC,Lens,0.0,5.0,3.0,5.0,2.0,1.0,0.0,0.0,11.0,17.0,2026-02
La Liga,2026-02-14,Espanol,Celta,2.0,2.0,2.0,2.0,1.0,0.0,0.0,0.0,9.0,14.0,2026-02
La Liga,2026-02-14,Getafe,Villarreal,2.0,1.0,3.0,4.0,2.0,3.0,0.0,0.0,5.0,8.0,2026-02
Premiership Escocia,2026-02-14,Falkirk,Dundee United,2.0,3.0,4.0,5.0,0.0,3.0,1.0,0.0,10.0,14.0,2026-02
La Liga,2026-02-14,Real Madrid,Sociedad,4.0,1.0,4.0,6.0,1.0,1.0,0.0,0.0,11.0,13.0,2026-02
La Liga,2026-02-14,Sevilla,Alaves,1.0,1.0,0.0,3.0,5.0,0.0,2.0,0.0,4.0,12.0,2026-02
League 1,2026-02-14,Barnsley,AFC Wimbledon,3.0,3.0,10.0,5.0,2.0,0.0,0.0,0.0,18.0,9.0,2026-02
Jupiler Pro League,2026-02-14,Charleroi,Gent,2.0,3.0,12.0,4.0,0.0,3.0,0.0,0.0,25.0,11.0,2026-02
Super League Greece,2026-02-14,Panetolikos,Asteras Tripolis,3.0,1.0,6.0,2.0,2.0,2.0,0.0,0.0,16.0,7.0,2026-02
Premiership Escocia,2026-02-14,Hibernian,St Mirren,2.0,0.0,6.0,8.0,0.0,3.0,0.0,0.0,13.0,7.0,2026-02
Serie B,2026-02-14,Palermo,Virtus Entella,3.0,0.0,3.0,8.0,0.0,0.0,0.0,0.0,8.0,21.0,2026-02
Bundesliga 2,2026-02-14,Braunschweig,Darmstadt,2.0,2.0,6.0,7.0,1.0,1.0,0.0,0.0,15.0,12.0,2026-02
Eredivisie,2026-02-14,Groningen,Utrecht,1.0,2.0,2.0,8.0,0.0,1.0,0.0,0.0,11.0,15.0,2026-02
Primeira Liga,2026-02-14,Gil Vicente,Sp Braga,2.0,1.0,5.0,6.0,2.0,1.0,0.0,0.0,15.0,11.0,2026-02
League 2,2026-02-14,Tranmere,Crawley Town,2.0,0.0,5.0,15.0,4.0,1.0,0.0,0.0,9.0,16.0,2026-02
League 2,2026-02-14,Oldham,Fleetwood Town,1.0,1.0,7.0,7.0,0.0,2.0,0.0,0.0,12.0,14.0,2026-02
Primeira Liga,2026-02-14,Casa Pia,Arouca,3.0,2.0,2.0,3.0,5.0,2.0,0.0,0.0,11.0,8.0,2026-02
League 2,2026-02-14,Bromley,Notts County,1.0,1.0,3.0,7.0,0.0,1.0,0.0,1.0,11.0,8.0,2026-02
Jupiler Pro League,2026-02-14,Oud-Heverlee Leuven,Dender,3.0,2.0,10.0,7.0,2.0,1.0,0.0,0.0,20.0,13.0,2026-02
Bundesliga 2,2026-02-14,Dresden,Elversberg,1.0,2.0,5.0,6.0,3.0,3.0,0.0,0.0,14.0,12.0,2026-02
Bundesliga 2,2026-02-14,Hertha,Hannover,2.0,3.0,5.0,6.0,1.0,0.0,0.0,0.0,15.0,12.0,2026-02
Bundesliga 2,2026-02-14,Kaiserslautern,Greuther Furth,1.0,0.0,1.0,6.0,2.0,3.0,0.0,0.0,13.0,14.0,2026-02
League 2,2026-02-14,Cambridge,Bristol Rvs,3.0,1.0,6.0,2.0,1.0,4.0,0.0,0.0,10.0,9.0,2026-02
League 2,2026-02-14,Chesterfield,Harrogate,1.0,1.0,3.0,6.0,1.0,2.0,1.0,0.0,15.0,11.0,2026-02
League 2,2026-02-14,Crewe,Gillingham,1.0,0.0,2.0,8.0,0.0,1.0,0.0,0.0,7.0,20.0,2026-02
League 2,2026-02-14,Milton Keynes Dons,Newport County,1.0,0.0,6.0,2.0,1.0,2.0,0.0,0.0,20.0,3.0,2026-02
League 1 Escocia,2026-02-14,Hamilton,Inverness C,0.0,1.0,5.0,9.0,0.0,0.0,0.0,0.0,8.0,8.0,2026-02
League 1 Escocia,2026-02-14,Stenhousemuir,Montrose,2.0,2.0,5.0,7.0,1.0,1.0,0.0,0.0,11.0,14.0,2026-02
League 1 Escocia,2026-02-14,Queen of Sth,Alloa,1.0,2.0,4.0,2.0,2.0,2.0,0.0,0.0,18.0,11.0,2026-02
League 1 Escocia,2026-02-14,Kelty Hearts,Peterhead,1.0,1.0,4.0,6.0,3.0,2.0,0.0,0.0,10.0,7.0,2026-02
League 1 Escocia,2026-02-14,East Fife,Cove Rangers,2.0,1.0,9.0,6.0,1.0,0.0,0.0,0.0,9.0,8.0,2026-02
League 2,2026-02-14,Shrewsbury,Swindon,3.0,1.0,5.0,4.0,3.0,3.0,0.0,0.0,19.0,10.0,2026-02
Ligue 2,2026-02-13,Pau FC,Boulogne,1.0,2.0,5.0,3.0,1.0,4.0,1.0,0.0,10.0,9.0,2026-02
Primeira Liga,2026-02-13,Tondela,Alverca,1.0,1.0,11.0,5.0,5.0,5.0,0.0,1.0,18.0,10.0,2026-02
Ligue 2,2026-02-13,Red Star,Nancy,2.0,1.0,8.0,2.0,3.0,1.0,0.0,0.0,16.0,4.0,2026-02
Bundesliga 2,2026-02-13,Fortuna Dusseldorf,Preußen Münster,0.0,0.0,2.0,2.0,3.0,4.0,0.0,0.0,12.0,6.0,2026-02
Championship Escocia,2026-02-13,Airdrie Utd,St Johnstone,0.0,1.0,8.0,6.0,2.0,3.0,0.0,0.0,13.0,6.0,2026-02
La Liga,2026-02-13,Elche,Osasuna,0.0,0.0,10.0,3.0,2.0,4.0,0.0,0.0,17.0,6.0,2026-02
Ligue 1,2026-02-13,Rennes,Paris SG,3.0,1.0,5.0,8.0,0.0,0.0,0.0,0.0,13.0,22.0,2026-02
Jupiler Pro League,2026-02-13,Mechelen,Genk,2.0,3.0,2.0,4.0,2.0,3.0,0.0,0.0,13.0,12.0,2026-02
Serie A,2026-02-13,Pisa,Milan,1.0,2.0,3.0,1.0,1.0,3.0,0.0,1.0,7.0,7.0,2026-02
Ligue 1,2026-02-13,Monaco,Nantes,3.0,1.0,9.0,3.0,5.0,2.0,1.0,0.0,12.0,13.0,2026-02
La Liga 2,2026-02-13,Almeria,Andorra,3.0,2.0,6.0,5.0,2.0,4.0,0.0,0.0,15.0,15.0,2026-02
Ligue 2,2026-02-13,Amiens,Dunkerque,1.0,4.0,5.0,4.0,1.0,1.0,0.0,0.0,14.0,13.0,2026-02
Ligue 2,2026-02-13,Laval,Annecy,2.0,2.0,4.0,6.0,3.0,1.0,0.0,0.0,9.0,12.0,2026-02
Primeira Liga,2026-02-13,Santa Clara,Benfica,1.0,2.0,1.0,7.0,6.0,2.0,1.0,0.0,9.0,11.0,2026-02
Bundesliga 2,2026-02-13,Nurnberg,Karlsruhe,5.0,1.0,4.0,6.0,1.0,3.0,0.0,0.0,12.0,12.0,2026-02
Eredivisie,2026-02-13,Volendam,PSV Eindhoven,2.0,1.0,4.0,8.0,1.0,1.0,0.0,0.0,12.0,19.0,2026-02
Turkey Super Lig,2026-02-13,Galatasaray,Eyupspor,5.0,1.0,12.0,4.0,0.0,2.0,0.0,1.0,21.0,6.0,2026-02
Turkey Super Lig,2026-02-13,Antalyaspor,Samsunspor,3.0,1.0,4.0,10.0,5.0,1.0,0.0,0.0,13.0,13.0,2026-02
Bundesliga,2026-02-13,Dortmund,Mainz,4.0,0.0,7.0,2.0,3.0,2.0,0.0,0.0,14.0,10.0,2026-02
Ligue 2,2026-02-13,Clermont,Rodez,1.0,2.0,3.0,5.0,2.0,3.0,0.0,0.0,15.0,7.0,2026-02
Premier League,2026-02-12,Brentford,Arsenal,1.0,1.0,6.0,4.0,3.0,2.0,0.0,0.0,12.0,7.0,2026-02
Serie B,2026-02-11,Sudtirol,Monza,0.0,0.0,5.0,3.0,2.0,1.0,0.0,0.0,10.0,7.0,2026-02
Championship,2026-02-11,Charlton,Stoke,1.0,0.0,6.0,5.0,2.0,4.0,0.0,0.0,17.0,6.0,2026-02
Serie B,2026-02-11,Empoli,Juve Stabia,1.0,2.0,5.0,3.0,1.0,0.0,0.0,0.0,12.0,9.0,2026-02
Serie B,2026-02-11,Bari,Spezia,0.0,0.0,5.0,10.0,0.0,1.0,0.0,0.0,21.0,18.0,2026-02
Serie B,2026-02-11,Avellino,Frosinone,1.0,3.0,6.0,4.0,2.0,1.0,0.0,0.0,15.0,16.0,2026-02
Premiership Escocia,2026-02-11,Celtic,Livingston,2.0,1.0,10.0,3.0,2.0,3.0,0.0,0.0,29.0,4.0,2026-02
Premiership Escocia,2026-02-11,Motherwell,Rangers,1.0,1.0,6.0,3.0,2.0,5.0,0.0,0.0,18.0,10.0,2026-02
League 2,2026-02-11,Swindon,Newport County,2.0,0.0,9.0,0.0,0.0,0.0,0.0,0.0,7.0,8.0,2026-02
Premiership Escocia,2026-02-11,Falkirk,Dundee,1.0,0.0,4.0,4.0,3.0,1.0,0.0,0.0,16.0,15.0,2026-02
League 2,2026-02-11,Grimsby,Accrington,1.0,0.0,8.0,4.0,1.0,2.0,0.0,1.0,29.0,10.0,2026-02
Eredivisie,2026-02-11,Nijmegen,Utrecht,1.0,3.0,5.0,0.0,3.0,2.0,0.0,0.0,24.0,11.0,2026-02
Premiership Escocia,2026-02-11,Kilmarnock,St Mirren,4.0,3.0,9.0,4.0,1.0,3.0,0.0,0.0,20.0,15.0,2026-02
Premier League,2026-02-11,Nott'm Forest,Wolves,0.0,0.0,8.0,2.0,0.0,2.0,0.0,0.0,35.0,7.0,2026-02
Premier League,2026-02-11,Aston Villa,Brighton,1.0,0.0,7.0,5.0,2.0,3.0,0.0,0.0,15.0,9.0,2026-02
Premier League,2026-02-11,Crystal Palace,Burnley,2.0,3.0,8.0,2.0,2.0,1.0,0.0,0.0,21.0,8.0,2026-02
National League,2026-02-11,Boreham Wood,Yeovil,3.0,2.0,,,0.0,1.0,0.0,1.0,,,2026-02
National League,2026-02-11,Brackley Town,Halifax,1.0,1.0,,,4.0,2.0,0.0,0.0,,,2026-02
National League,2026-02-11,Rochdale,Forest Green,2.0,1.0,,,1.0,1.0,0.0,0.0,,,2026-02
National League,2026-02-11,Sutton,Braintree Town,1.0,1.0,,,4.0,2.0,1.0,0.0,,,2026-02
National League,2026-02-11,York,Hartlepool,3.0,2.0,,,4.0,1.0,0.0,0.0,,,2026-02
Premier League,2026-02-11,Man City,Fulham,3.0,0.0,4.0,4.0,3.0,1.0,0.0,0.0,13.0,14.0,2026-02
Premier League,2026-02-11,Sunderland,Liverpool,0.0,1.0,3.0,11.0,1.0,0.0,0.0,0.0,11.0,23.0,2026-02
Eredivisie,2026-02-11,Go Ahead Eagles,Heerenveen,1.0,3.0,8.0,4.0,1.0,0.0,0.0,0.0,13.0,19.0,2026-02
League 1,2026-02-10,Wigan,Reading,1.0,2.0,3.0,4.0,1.0,1.0,0.0,0.0,11.0,13.0,2026-02
National League,2026-02-10,Morecambe,Tamworth,2.0,2.0,,,3.0,1.0,0.0,0.0,,,2026-02
National League,2026-02-10,Carlisle,Scunthorpe,3.0,2.0,,,3.0,2.0,0.0,0.0,,,2026-02
National League,2026-02-10,Boston Utd,Gateshead,1.0,0.0,,,1.0,1.0,0.0,0.0,,,2026-02
League 2,2026-02-10,Shrewsbury,Barrow,2.0,1.0,5.0,4.0,2.0,1.0,0.0,0.0,13.0,11.0,2026-02
Serie B,2026-02-10,Sampdoria,Palermo,3.0,3.0,3.0,4.0,3.0,4.0,0.0,0.0,13.0,15.0,2026-02
League 1,2026-02-10,Mansfield,Peterboro,1.0,2.0,19.0,0.0,2.0,2.0,0.0,0.0,26.0,7.0,2026-02
Serie B,2026-02-10,Venezia,Modena,0.0,2.0,1.0,5.0,2.0,3.0,0.0,0.0,17.0,13.0,2026-02
Serie B,2026-02-10,Reggiana,Mantova,1.0,0.0,5.0,3.0,4.0,3.0,0.0,0.0,11.0,11.0,2026-02
Serie B,2026-02-10,Pescara,Catanzaro,0.0,2.0,7.0,3.0,3.0,3.0,0.0,0.0,20.0,14.0,2026-02
National League,2026-02-10,Truro,Woking,0.0,2.0,,,1.0,1.0,0.0,0.0,,,2026-02
Championship,2026-02-10,Oxford,Norwich,0.0,3.0,2.0,4.0,1.0,1.0,0.0,0.0,7.0,8.0,2026-02
National League,2026-02-10,Solihull,Eastleigh,2.0,3.0,,,1.0,0.0,0.0,0.0,,,2026-02
National League,2026-02-10,Altrincham,Wealdstone,1.0,0.0,,,2.0,0.0,0.0,0.0,,,2026-02
Serie B,2026-02-10,Virtus Entella,Cesena,3.0,1.0,5.0,5.0,2.0,3.0,0.0,0.0,11.0,17.0,2026-02
Premiership Escocia,2026-02-10,Hearts,Hibernian,1.0,0.0,4.0,8.0,0.0,3.0,0.0,0.0,11.0,5.0,2026-02
Championship,2026-02-10,Birmingham,West Brom,0.0,0.0,11.0,3.0,1.0,5.0,0.0,0.0,16.0,9.0,2026-02
Premier League,2026-02-10,Tottenham,Newcastle,1.0,2.0,2.0,12.0,3.0,2.0,0.0,0.0,16.0,21.0,2026-02
Premier League,2026-02-10,West Ham,Man United,1.0,1.0,5.0,3.0,1.0,1.0,0.0,0.0,7.0,9.0,2026-02
League 1 Escocia,2026-02-10,Montrose,Peterhead,1.0,1.0,2.0,6.0,2.0,2.0,0.0,0.0,4.0,13.0,2026-02
League 2 Escocia,2026-02-10,Annan Athletic,Dumbarton,1.0,0.0,7.0,2.0,0.0,1.0,0.0,0.0,6.0,8.0,2026-02
League 2 Escocia,2026-02-10,Clyde,Elgin,1.0,1.0,8.0,3.0,1.0,1.0,0.0,0.0,10.0,12.0,2026-02
Premier League,2026-02-10,Everton,Bournemouth,1.0,2.0,7.0,2.0,1.0,3.0,1.0,0.0,16.0,11.0,2026-02
Premier League,2026-02-10,Chelsea,Leeds,2.0,2.0,4.0,1.0,4.0,4.0,0.0,0.0,19.0,4.0,2026-02
Serie B,2026-02-10,Padova,Carrarese,1.0,0.0,3.0,8.0,2.0,3.0,0.0,0.0,13.0,22.0,2026-02
Championship,2026-02-10,Leicester,Southampton,3.0,4.0,3.0,9.0,0.0,1.0,0.0,0.0,8.0,16.0,2026-02
League 2,2026-02-10,Crawley Town,Cambridge,0.0,3.0,2.0,9.0,3.0,0.0,0.0,0.0,7.0,15.0,2026-02
Primeira Liga,2026-02-09,Famalicao,AVS,3.0,1.0,7.0,2.0,3.0,2.0,0.0,0.0,14.0,7.0,2026-02
Turkey Super Lig,2026-02-09,Gaziantep,Kasimpasa,2.0,1.0,1.0,7.0,3.0,2.0,1.0,0.0,4.0,9.0,2026-02
Turkey Super Lig,2026-02-09,Fenerbahce,Genclerbirligi,3.0,1.0,7.0,9.0,2.0,2.0,0.0,0.0,19.0,13.0,2026-02
La Liga,2026-02-09,Villarreal,Espanol,4.0,1.0,5.0,8.0,3.0,3.0,0.0,0.0,10.0,9.0,2026-02
Turkey Super Lig,2026-02-09,Kayserispor,Kocaelispor,1.0,2.0,8.0,2.0,4.0,1.0,0.0,0.0,20.0,10.0,2026-02
Primeira Liga,2026-02-09,Porto,Sp Lisbon,1.0,1.0,1.0,8.0,3.0,5.0,0.0,0.0,8.0,11.0,2026-02
Serie A,2026-02-09,Roma,Cagliari,2.0,0.0,7.0,1.0,2.0,4.0,0.0,0.0,15.0,3.0,2026-02
La Liga 2,2026-02-09,Santander,Mirandes,1.0,0.0,7.0,3.0,4.0,6.0,1.0,1.0,19.0,8.0,2026-02
Serie A,2026-02-09,Atalanta,Cremonese,2.0,1.0,13.0,2.0,2.0,0.0,0.0,0.0,29.0,12.0,2026-02
Ligue 2,2026-02-09,Amiens,Clermont,4.0,3.0,7.0,4.0,2.0,1.0,0.0,0.0,9.0,20.0,2026-02
Championship,2026-02-09,Sheffield United,Middlesbrough,1.0,2.0,8.0,8.0,3.0,2.0,1.0,0.0,13.0,19.0,2026-02
Ligue 1,2026-02-08,Nice,Monaco,0.0,0.0,8.0,6.0,2.0,2.0,0.0,0.0,13.0,10.0,2026-02
Super League Greece,2026-02-08,Panserraikos,AEK,0.0,4.0,0.0,9.0,4.0,3.0,1.0,0.0,3.0,20.0,2026-02
Ligue 1,2026-02-08,Angers,Toulouse,1.0,0.0,3.0,5.0,3.0,2.0,0.0,0.0,12.0,12.0,2026-02
Ligue 1,2026-02-08,Auxerre,Paris FC,0.0,0.0,7.0,4.0,1.0,4.0,0.0,0.0,12.0,8.0,2026-02
Ligue 1,2026-02-08,Le Havre,Strasbourg,2.0,1.0,9.0,3.0,2.0,1.0,0.0,1.0,15.0,10.0,2026-02
La Liga,2026-02-08,Valencia,Real Madrid,0.0,2.0,5.0,8.0,1.0,1.0,0.0,0.0,7.0,11.0,2026-02
Turkey Super Lig,2026-02-08,Rizespor,Galatasaray,0.0,3.0,3.0,3.0,1.0,1.0,0.0,0.0,15.0,19.0,2026-02
La Liga,2026-02-08,Ath Madrid,Betis,0.0,1.0,7.0,3.0,3.0,1.0,0.0,0.0,10.0,8.0,2026-02
La Liga,2026-02-08,Sevilla,Girona,1.0,1.0,5.0,7.0,3.0,3.0,0.0,0.0,11.0,15.0,2026-02
La Liga,2026-02-08,Ath Bilbao,Levante,4.0,2.0,4.0,3.0,2.0,1.0,0.0,1.0,22.0,6.0,2026-02
La Liga,2026-02-08,Alaves,Getafe,0.0,2.0,6.0,3.0,2.0,5.0,0.0,0.0,13.0,17.0,2026-02
Bundesliga 2,2026-02-08,Hannover,Holstein Kiel,3.0,1.0,10.0,4.0,0.0,3.0,0.0,0.0,20.0,8.0,2026-02
Premier League,2026-02-08,Brighton,Crystal Palace,0.0,1.0,3.0,4.0,1.0,3.0,0.0,0.0,7.0,7.0,2026-02
Premier League,2026-02-08,Liverpool,Man City,1.0,2.0,5.0,4.0,2.0,4.0,1.0,0.0,15.0,17.0,2026-02
Super League Greece,2026-02-08,OFI Crete,Levadeiakos,3.0,2.0,3.0,6.0,1.0,2.0,0.0,0.0,11.0,9.0,2026-02
La Liga 2,2026-02-08,Malaga,Cultural Leonesa,2.0,1.0,8.0,2.0,2.0,6.0,0.0,0.0,18.0,4.0,2026-02
La Liga 2,2026-02-08,Cadiz,Almeria,1.0,2.0,6.0,4.0,4.0,2.0,0.0,0.0,19.0,14.0,2026-02
Turkey Super Lig,2026-02-08,Besiktas,Alanyaspor,2.0,2.0,3.0,3.0,2.0,4.0,0.0,0.0,20.0,7.0,2026-02
Serie A,2026-02-08,Juventus,Lazio,2.0,2.0,8.0,1.0,0.0,2.0,0.0,0.0,34.0,9.0,2026-02
Serie A,2026-02-08,Sassuolo,Inter,0.0,5.0,5.0,6.0,2.0,1.0,1.0,0.0,7.0,23.0,2026-02
Serie A,2026-02-08,Lecce,Udinese,2.0,1.0,7.0,0.0,1.0,2.0,0.0,0.0,16.0,6.0,2026-02
Serie A,2026-02-08,Bologna,Parma,0.0,1.0,4.0,5.0,1.0,3.0,1.0,1.0,16.0,5.0,2026-02
Bundesliga 2,2026-02-08,Karlsruhe,Fortuna Dusseldorf,1.0,1.0,3.0,3.0,1.0,2.0,0.0,0.0,6.0,19.0,2026-02
La Liga 2,2026-02-08,Valladolid,Castellon,0.0,4.0,3.0,3.0,1.0,2.0,0.0,0.0,9.0,12.0,2026-02
Serie B,2026-02-08,Monza,Avellino,2.0,1.0,15.0,2.0,0.0,3.0,0.0,0.0,33.0,3.0,2026-02
La Liga 2,2026-02-08,La Coruna,Albacete,2.0,1.0,4.0,1.0,3.0,2.0,0.0,0.0,12.0,16.0,2026-02
Eredivisie,2026-02-08,Groningen,PSV Eindhoven,1.0,2.0,6.0,11.0,1.0,1.0,0.0,0.0,8.0,15.0,2026-02
La Liga 2,2026-02-08,Sp Gijon,Huesca,2.0,1.0,6.0,4.0,4.0,1.0,0.0,0.0,12.0,9.0,2026-02
Bundesliga 2,2026-02-08,Bielefeld,Braunschweig,3.0,2.0,9.0,1.0,1.0,3.0,0.0,0.0,20.0,10.0,2026-02
Bundesliga,2026-02-08,FC Koln,RB Leipzig,1.0,2.0,4.0,3.0,1.0,4.0,0.0,0.0,10.0,19.0,2026-02
Turkey Super Lig,2026-02-08,Konyaspor,Goztep,0.0,0.0,4.0,3.0,2.0,4.0,0.0,0.0,11.0,7.0,2026-02
Turkey Super Lig,2026-02-08,Eyupspor,Buyuksehyr,1.0,2.0,0.0,7.0,1.0,1.0,0.0,0.0,6.0,26.0,2026-02
Primeira Liga,2026-02-08,Benfica,Alverca,2.0,1.0,9.0,1.0,3.0,2.0,0.0,0.0,29.0,6.0,2026-02
Super League Greece,2026-02-08,Aris,PAOK,0.0,0.0,4.0,4.0,4.0,3.0,0.0,0.0,8.0,13.0,2026-02
Bundesliga,2026-02-08,Bayern Munich,Hoffenheim,5.0,1.0,8.0,3.0,2.0,2.0,0.0,1.0,27.0,9.0,2026-02
Championship,2026-02-08,Swansea,Sheffield Weds,4.0,0.0,8.0,2.0,2.0,2.0,0.0,0.0,22.0,3.0,2026-02
Primeira Liga,2026-02-08,Nacional,Casa Pia,0.0,0.0,12.0,1.0,2.0,3.0,0.0,0.0,21.0,9.0,2026-02
Jupiler Pro League,2026-02-08,Genk,Anderlecht,2.0,0.0,5.0,7.0,2.0,1.0,0.0,0.0,18.0,11.0,2026-02
Eredivisie,2026-02-08,AZ Alkmaar,Ajax,1.0,1.0,2.0,4.0,3.0,0.0,0.0,0.0,13.0,11.0,2026-02
Ligue 1,2026-02-08,Paris SG,Marseille,5.0,0.0,5.0,2.0,2.0,2.0,0.0,0.0,22.0,9.0,2026-02
Jupiler Pro League,2026-02-08,St. Gilloise,RAAL La Louviere,2.0,1.0,9.0,1.0,4.0,4.0,0.0,0.0,16.0,6.0,2026-02
Super League Greece,2026-02-08,Olympiakos,Panathinaikos,0.0,1.0,2.0,2.0,1.0,3.0,0.0,0.0,12.0,7.0,2026-02
Eredivisie,2026-02-08,Utrecht,Feyenoord,0.0,1.0,2.0,7.0,3.0,4.0,1.0,0.0,6.0,10.0,2026-02
Primeira Liga,2026-02-08,Sp Braga,Rio Ave,3.0,0.0,9.0,1.0,1.0,1.0,0.0,0.0,15.0,7.0,2026-02
Eredivisie,2026-02-08,Go Ahead Eagles,Telstar,1.0,1.0,13.0,2.0,1.0,0.0,0.0,0.0,23.0,12.0,2026-02
Jupiler Pro League,2026-02-08,Mechelen,Antwerp,2.0,0.0,3.0,6.0,1.0,1.0,0.0,0.0,8.0,16.0,2026-02
Jupiler Pro League,2026-02-08,Club Brugge,Standard,3.0,0.0,7.0,0.0,0.0,2.0,0.0,0.0,22.0,5.0,2026-02
League 1,2026-02-07,Mansfield,Exeter,0.0,0.0,4.0,4.0,1.0,4.0,0.0,0.0,13.0,8.0,2026-02
League 1,2026-02-07,Wycombe,Doncaster,4.0,0.0,8.0,1.0,1.0,1.0,0.0,0.0,22.0,5.0,2026-02
League 2,2026-02-07,Fleetwood Town,Bromley,1.0,2.0,2.0,2.0,2.0,2.0,0.0,0.0,11.0,11.0,2026-02
League 1,2026-02-07,Northampton,Stevenage,3.0,1.0,7.0,3.0,4.0,3.0,0.0,0.0,11.0,14.0,2026-02
League 1,2026-02-07,Peterboro,Wigan,6.0,1.0,3.0,10.0,1.0,3.0,0.0,0.0,11.0,11.0,2026-02
League 1,2026-02-07,Plymouth,Lincoln,1.0,4.0,5.0,8.0,2.0,4.0,0.0,0.0,11.0,12.0,2026-02
League 1,2026-02-07,Rotherham,Cardiff,0.0,3.0,5.0,5.0,3.0,3.0,0.0,1.0,10.0,15.0,2026-02
League 1,2026-02-07,Stockport,Leyton Orient,0.0,0.0,4.0,2.0,1.0,2.0,1.0,0.0,19.0,8.0,2026-02
Ligue 1,2026-02-07,Lens,Rennes,3.0,1.0,4.0,4.0,4.0,2.0,1.0,0.0,10.0,14.0,2026-02
Ligue 1,2026-02-07,Brest,Lorient,2.0,0.0,7.0,7.0,2.0,0.0,0.0,0.0,11.0,13.0,2026-02
National League,2026-02-07,Aldershot,Halifax,3.0,2.0,,,3.0,3.0,1.0,0.0,,,2026-02
National League,2026-02-07,Altrincham,Yeovil,0.0,1.0,,,4.0,2.0,0.0,0.0,,,2026-02
Serie B,2026-02-07,Mantova,Bari,2.0,1.0,7.0,1.0,4.0,2.0,0.0,0.0,16.0,3.0,2026-02
National League,2026-02-07,Boston Utd,Sutton,1.0,0.0,,,1.0,2.0,0.0,0.0,,,2026-02
National League,2026-02-07,Morecambe,Truro,1.0,2.0,,,2.0,2.0,0.0,0.0,,,2026-02
National League,2026-02-07,Rochdale,Carlisle,1.0,0.0,,,1.0,2.0,0.0,0.0,,,2026-02
National League,2026-02-07,Scunthorpe,Southend,1.0,0.0,,,2.0,1.0,0.0,0.0,,,2026-02
Serie A,2026-02-07,Fiorentina,Torino,2.0,2.0,9.0,4.0,2.0,5.0,0.0,0.0,21.0,12.0,2026-02
La Liga 2,2026-02-07,Andorra,Sociedad B,1.0,2.0,2.0,3.0,4.0,5.0,0.0,0.0,14.0,7.0,2026-02
La Liga 2,2026-02-07,Las Palmas,Burgos,0.0,0.0,8.0,2.0,5.0,3.0,0.0,0.0,16.0,5.0,2026-02
La Liga 2,2026-02-07,Zaragoza,Eibar,1.0,1.0,5.0,7.0,1.0,4.0,1.0,0.0,12.0,4.0,2026-02
Bundesliga,2026-02-07,Heidenheim,Hamburg,0.0,2.0,10.0,8.0,0.0,2.0,0.0,0.0,20.0,14.0,2026-02
League 2,2026-02-07,Colchester,Shrewsbury,2.0,0.0,0.0,2.0,4.0,2.0,0.0,0.0,6.0,15.0,2026-02
Bundesliga 2,2026-02-07,Paderborn,Nurnberg,2.0,1.0,6.0,5.0,2.0,3.0,0.0,1.0,15.0,7.0,2026-02
Ligue 2,2026-02-07,St Etienne,Montpellier,1.0,0.0,3.0,6.0,1.0,2.0,0.0,0.0,10.0,5.0,2026-02
Bundesliga,2026-02-07,Freiburg,Werder Bremen,1.0,0.0,4.0,8.0,0.0,1.0,1.0,0.0,7.0,17.0,2026-02
League 2,2026-02-07,Cheltenham,Milton Keynes Dons,2.0,3.0,7.0,8.0,1.0,4.0,0.0,0.0,14.0,19.0,2026-02
Turkey Super Lig,2026-02-07,Karagumruk,Antalyaspor,1.0,0.0,9.0,4.0,2.0,5.0,0.0,0.0,16.0,9.0,2026-02
Turkey Super Lig,2026-02-07,Samsunspor,Trabzonspor,0.0,3.0,8.0,1.0,2.0,1.0,0.0,0.0,11.0,17.0,2026-02
Bundesliga 2,2026-02-07,Elversberg,Hertha,0.0,3.0,7.0,5.0,1.0,2.0,0.0,0.0,20.0,6.0,2026-02
Bundesliga,2026-02-07,Mainz,Augsburg,2.0,0.0,6.0,4.0,2.0,2.0,0.0,0.0,10.0,14.0,2026-02
League 2 Escocia,2026-02-07,Edinburgh City,East Kilbride,0.0,2.0,7.0,3.0,3.0,3.0,0.0,0.0,8.0,7.0,2026-02
League 2 Escocia,2026-02-07,Forfar,Dumbarton,2.0,0.0,3.0,4.0,1.0,1.0,0.0,0.0,8.0,6.0,2026-02
League 2 Escocia,2026-02-07,Stranraer,Annan Athletic,0.0,0.0,2.0,4.0,3.0,2.0,0.0,0.0,15.0,13.0,2026-02
Bundesliga,2026-02-07,M'gladbach,Leverkusen,1.0,1.0,2.0,2.0,2.0,3.0,0.0,0.0,9.0,10.0,2026-02
Serie B,2026-02-07,Juve Stabia,Padova,3.0,3.0,1.0,4.0,2.0,3.0,0.0,0.0,13.0,8.0,2026-02
League 2,2026-02-07,Bristol Rvs,Chesterfield,2.0,3.0,6.0,6.0,3.0,2.0,0.0,0.0,13.0,15.0,2026-02
Bundesliga 2,2026-02-07,Schalke 04,Dresden,2.0,2.0,7.0,1.0,2.0,2.0,0.0,0.0,16.0,9.0,2026-02
Bundesliga 2,2026-02-07,Darmstadt,Kaiserslautern,4.0,0.0,6.0,6.0,1.0,2.0,0.0,0.0,15.0,16.0,2026-02
Ligue 2,2026-02-07,Le Mans,Laval,1.0,1.0,10.0,4.0,3.0,3.0,0.0,0.0,9.0,8.0,2026-02
Ligue 2,2026-02-07,Nancy,Troyes,2.0,1.0,4.0,7.0,3.0,2.0,0.0,0.0,10.0,12.0,2026-02
League 1,2026-02-07,AFC Wimbledon,Reading,3.0,2.0,6.0,3.0,0.0,1.0,0.0,0.0,15.0,10.0,2026-02
League 2,2026-02-07,Swindon,Oldham,3.0,0.0,4.0,3.0,3.0,2.0,0.0,0.0,10.0,13.0,2026-02
League 2,2026-02-07,Crawley Town,Crewe,0.0,1.0,3.0,7.0,2.0,0.0,0.0,0.0,9.0,17.0,2026-02
Serie B,2026-02-07,Carrarese,Sudtirol,0.0,0.0,5.0,6.0,2.0,2.0,0.0,0.0,15.0,10.0,2026-02
League 1 Escocia,2026-02-07,Inverness C,East Fife,3.0,0.0,13.0,1.0,1.0,0.0,0.0,0.0,27.0,3.0,2026-02
League 1 Escocia,2026-02-07,Cove Rangers,Queen of Sth,1.0,1.0,9.0,7.0,5.0,4.0,0.0,0.0,12.0,11.0,2026-02
Serie B,2026-02-07,Catanzaro,Reggiana,2.0,0.0,2.0,10.0,1.0,3.0,0.0,0.0,14.0,15.0,2026-02
Serie B,2026-02-07,Frosinone,Venezia,1.0,2.0,6.0,2.0,1.0,2.0,0.0,0.0,20.0,14.0,2026-02
League 1,2026-02-07,Huddersfield,Blackpool,2.0,2.0,4.0,6.0,2.0,5.0,0.0,0.0,9.0,8.0,2026-02
League 2,2026-02-07,Harrogate,Cambridge,2.0,1.0,1.0,4.0,4.0,0.0,0.0,0.0,10.0,14.0,2026-02
League 2,2026-02-07,Gillingham,Tranmere,2.0,1.0,8.0,8.0,0.0,0.0,0.0,0.0,15.0,18.0,2026-02
Championship,2026-02-07,West Brom,Stoke,0.0,0.0,2.0,2.0,1.0,1.0,0.0,0.0,10.0,8.0,2026-02
Eredivisie,2026-02-07,Zwolle,Volendam,1.0,2.0,6.0,5.0,3.0,0.0,0.0,0.0,14.0,15.0,2026-02
Eredivisie,2026-02-07,For Sittard,Sparta Rotterdam,2.0,2.0,3.0,13.0,3.0,1.0,0.0,0.0,11.0,16.0,2026-02
Championship,2026-02-07,Preston,Portsmouth,1.0,0.0,2.0,14.0,3.0,1.0,0.0,0.0,7.0,12.0,2026-02
Championship,2026-02-07,Hull,Bristol City,2.0,3.0,2.0,4.0,2.0,0.0,0.0,0.0,10.0,11.0,2026-02
Championship,2026-02-07,Coventry,Oxford,0.0,0.0,10.0,0.0,1.0,6.0,0.0,1.0,24.0,4.0,2026-02
Championship,2026-02-07,Birmingham,Leicester,2.0,1.0,10.0,1.0,0.0,2.0,0.0,1.0,22.0,7.0,2026-02
Championship,2026-02-07,Southampton,Watford,1.0,0.0,3.0,9.0,3.0,1.0,0.0,0.0,6.0,11.0,2026-02
Championship,2026-02-07,Wrexham,Millwall,0.0,2.0,5.0,4.0,1.0,3.0,0.0,0.0,16.0,7.0,2026-02
Premier League,2026-02-07,Burnley,West Ham,0.0,2.0,5.0,2.0,3.0,1.0,0.0,0.0,18.0,6.0,2026-02
Jupiler Pro League,2026-02-07,Gent,Oud-Heverlee Leuven,1.0,3.0,6.0,5.0,2.0,5.0,0.0,0.0,22.0,13.0,2026-02
Primeira Liga,2026-02-07,Arouca,Guimaraes,3.0,2.0,1.0,6.0,1.0,4.0,0.0,0.0,10.0,14.0,2026-02
Super League Greece,2026-02-07,Kifisia,Atromitos,0.0,1.0,4.0,4.0,0.0,2.0,0.0,0.0,11.0,7.0,2026-02
Championship,2026-02-07,Derby,Ipswich,1.0,2.0,3.0,7.0,1.0,4.0,1.0,0.0,9.0,13.0,2026-02
Super League Greece,2026-02-07,Larisa,Panetolikos,1.0,4.0,5.0,2.0,4.0,2.0,0.0,0.0,11.0,8.0,2026-02
Primeira Liga,2026-02-07,Estoril,Tondela,2.0,2.0,5.0,4.0,1.0,0.0,0.0,0.0,15.0,6.0,2026-02
Super League Greece,2026-02-07,Asteras Tripolis,Volos NFC,2.0,0.0,11.0,5.0,1.0,3.0,0.0,0.0,9.0,12.0,2026-02
Primeira Liga,2026-02-07,Estrela,Santa Clara,1.0,0.0,3.0,6.0,4.0,1.0,0.0,0.0,12.0,17.0,2026-02
Premier League,2026-02-07,Newcastle,Brentford,2.0,3.0,9.0,3.0,2.0,2.0,0.0,0.0,16.0,11.0,2026-02
Jupiler Pro League,2026-02-07,Waregem,Dender,1.0,0.0,6.0,1.0,1.0,4.0,0.0,0.0,12.0,8.0,2026-02
Jupiler Pro League,2026-02-07,Charleroi,Cercle Brugge,3.0,4.0,6.0,3.0,3.0,3.0,1.0,1.0,28.0,11.0,2026-02
Primeira Liga,2026-02-07,Moreirense,Gil Vicente,1.0,2.0,3.0,6.0,3.0,1.0,1.0,0.0,3.0,15.0,2026-02
Eredivisie,2026-02-07,Nijmegen,Heracles,4.0,1.0,3.0,6.0,0.0,2.0,0.0,0.0,15.0,10.0,2026-02
Eredivisie,2026-02-07,Twente,Heerenveen,5.0,0.0,7.0,0.0,1.0,3.0,0.0,0.0,29.0,7.0,2026-02
Premier League,2026-02-07,Man United,Tottenham,2.0,0.0,7.0,0.0,1.0,2.0,0.0,1.0,23.0,7.0,2026-02
Serie B,2026-02-07,Palermo,Empoli,3.0,2.0,3.0,5.0,2.0,4.0,0.0,0.0,12.0,17.0,2026-02
League 2,2026-02-07,Newport County,Grimsby,0.0,0.0,8.0,12.0,1.0,2.0,0.0,0.0,10.0,13.0,2026-02
League 2,2026-02-07,Notts County,Barrow,2.0,1.0,7.0,4.0,1.0,3.0,0.0,0.0,13.0,7.0,2026-02
League 2,2026-02-07,Walsall,Barnet,1.0,3.0,1.0,9.0,5.0,1.0,0.0,0.0,8.0,15.0,2026-02
National League,2026-02-07,Tamworth,Hartlepool,1.0,1.0,,,2.0,2.0,0.0,0.0,,,2026-02
National League,2026-02-07,York,Forest Green,2.0,1.0,,,4.0,1.0,0.0,0.0,,,2026-02
National League,2026-02-07,Eastleigh,Wealdstone,2.0,2.0,,,2.0,2.0,0.0,0.0,,,2026-02
League 1,2026-02-07,Bolton,Barnsley,3.0,2.0,11.0,1.0,3.0,2.0,0.0,0.0,23.0,10.0,2026-02
Premier League,2026-02-07,Arsenal,Sunderland,3.0,0.0,5.0,2.0,1.0,2.0,0.0,0.0,16.0,5.0,2026-02
La Liga,2026-02-07,Sociedad,Elche,3.0,1.0,2.0,4.0,0.0,4.0,0.0,0.0,11.0,11.0,2026-02
Serie B,2026-02-07,Spezia,Virtus Entella,1.0,1.0,6.0,6.0,2.0,3.0,0.0,1.0,11.0,11.0,2026-02
Premier League,2026-02-07,Wolves,Chelsea,1.0,3.0,3.0,4.0,1.0,1.0,0.0,0.0,11.0,15.0,2026-02
Serie B,2026-02-07,Modena,Sampdoria,1.0,2.0,4.0,1.0,1.0,5.0,0.0,0.0,19.0,9.0,2026-02
Bundesliga,2026-02-07,Wolfsburg,Dortmund,1.0,2.0,4.0,8.0,1.0,1.0,0.0,0.0,12.0,21.0,2026-02
Premier League,2026-02-07,Bournemouth,Aston Villa,1.0,1.0,11.0,4.0,1.0,1.0,0.0,0.0,20.0,7.0,2026-02
Bundesliga,2026-02-07,St Pauli,Stuttgart,2.0,1.0,5.0,5.0,0.0,2.0,0.0,0.0,15.0,7.0,2026-02
Championship,2026-02-07,Norwich,Blackburn,2.0,0.0,5.0,4.0,2.0,2.0,0.0,0.0,12.0,6.0,2026-02
Premier League,2026-02-07,Fulham,Everton,1.0,2.0,6.0,6.0,1.0,5.0,0.0,0.0,13.0,16.0,2026-02
Ligue 1,2026-02-07,Nantes,Lyon,0.0,1.0,5.0,4.0,4.0,2.0,0.0,1.0,13.0,10.0,2026-02
La Liga,2026-02-07,Barcelona,Mallorca,3.0,0.0,12.0,3.0,0.0,0.0,0.0,0.0,24.0,9.0,2026-02
League 1,2026-02-07,Port Vale,Burton,2.0,2.0,5.0,6.0,2.0,3.0,0.0,0.0,14.0,13.0,2026-02
League 1,2026-02-07,Luton,Bradford,2.0,1.0,5.0,5.0,2.0,2.0,0.0,0.0,17.0,10.0,2026-02
Serie A,2026-02-07,Genoa,Napoli,2.0,3.0,4.0,3.0,2.0,4.0,0.0,1.0,12.0,14.0,2026-02
Championship,2026-02-06,Charlton,QPR,0.0,0.0,7.0,5.0,2.0,1.0,0.0,0.0,16.0,18.0,2026-02
La Liga,2026-02-06,Celta,Osasuna,1.0,2.0,7.0,3.0,2.0,2.0,0.0,0.0,18.0,8.0,2026-02
Ligue 2,2026-02-06,Annecy,Grenoble,1.0,1.0,7.0,0.0,4.0,2.0,0.0,1.0,14.0,6.0,2026-02
Ligue 2,2026-02-06,Boulogne,Rodez,1.0,2.0,4.0,2.0,4.0,2.0,0.0,0.0,10.0,8.0,2026-02
Ligue 2,2026-02-06,Dunkerque,Guingamp,0.0,0.0,5.0,4.0,1.0,2.0,1.0,0.0,14.0,17.0,2026-02
Ligue 2,2026-02-06,Red Star,Pau FC,0.0,3.0,8.0,1.0,3.0,2.0,0.0,0.0,18.0,9.0,2026-02
Ligue 2,2026-02-06,Reims,Bastia,0.0,0.0,7.0,2.0,1.0,3.0,0.0,0.0,13.0,5.0,2026-02
Bundesliga,2026-02-06,Union Berlin,Ein Frankfurt,1.0,1.0,5.0,2.0,4.0,3.0,0.0,1.0,11.0,3.0,2026-02
Serie A,2026-02-06,Verona,Pisa,0.0,0.0,8.0,4.0,1.0,2.0,0.0,0.0,4.0,11.0,2026-02
Premier League,2026-02-06,Leeds,Nott'm Forest,3.0,1.0,5.0,10.0,1.0,1.0,0.0,0.0,14.0,16.0,2026-02
Serie B,2026-02-06,Cesena,Pescara,2.0,0.0,5.0,6.0,5.0,1.0,0.0,0.0,15.0,20.0,2026-02
Jupiler Pro League,2026-02-06,Westerlo,St Truiden,0.0,4.0,6.0,5.0,3.0,1.0,1.0,0.0,8.0,17.0,2026-02
Bundesliga 2,2026-02-06,Greuther Furth,Magdeburg,4.0,5.0,9.0,1.0,1.0,2.0,0.0,0.0,14.0,13.0,2026-02
Bundesliga 2,2026-02-06,Preußen Münster,Bochum,1.0,1.0,3.0,6.0,2.0,2.0,0.0,0.0,9.0,15.0,2026-02
Ligue 1,2026-02-06,Metz,Lille,0.0,0.0,1.0,6.0,1.0,1.0,0.0,0.0,6.0,16.0,2026-02
La Liga 2,2026-02-06,Leganes,Granada,1.0,0.0,3.0,5.0,1.0,2.0,0.0,1.0,12.0,6.0,2026-02
Eredivisie,2026-02-06,NAC Breda,Excelsior,0.0,2.0,8.0,3.0,2.0,2.0,1.0,0.0,15.0,9.0,2026-02
League 2,2026-02-05,Accrington,Salford,1.0,0.0,2.0,5.0,1.0,1.0,0.0,0.0,13.0,15.0,2026-02
Premiership Escocia,2026-02-04,Livingston,Falkirk,1.0,2.0,6.0,4.0,3.0,4.0,0.0,0.0,10.0,16.0,2026-02
Premiership Escocia,2026-02-04,Hibernian,Dundee United,3.0,2.0,4.0,6.0,2.0,0.0,0.0,0.0,20.0,16.0,2026-02
Super League Greece,2026-02-04,Asteras Tripolis,Olympiakos,0.0,3.0,0.0,7.0,1.0,2.0,0.0,0.0,3.0,20.0,2026-02
Premiership Escocia,2026-02-04,Rangers,Kilmarnock,5.0,1.0,10.0,1.0,1.0,1.0,0.0,0.0,28.0,8.0,2026-02
League 2,2026-02-03,Barnet,Crewe,1.0,1.0,8.0,2.0,0.0,3.0,0.0,0.0,15.0,8.0,2026-02
Premiership Escocia,2026-02-03,St Mirren,Hearts,1.0,0.0,7.0,2.0,1.0,1.0,0.0,1.0,21.0,5.0,2026-02
League 2,2026-02-03,Notts County,Gillingham,1.0,0.0,4.0,3.0,1.0,3.0,0.0,0.0,14.0,12.0,2026-02
League 2,2026-02-03,Harrogate,Swindon,0.0,1.0,7.0,9.0,1.0,1.0,0.0,0.0,21.0,18.0,2026-02
League 2,2026-02-03,Bristol Rvs,Walsall,2.0,0.0,5.0,5.0,1.0,1.0,0.0,0.0,10.0,14.0,2026-02
Championship,2026-02-03,Blackburn,Sheffield Weds,1.0,0.0,8.0,2.0,4.0,2.0,0.0,0.0,9.0,2.0,2026-02
Championship,2026-02-03,Hull,Watford,0.0,0.0,7.0,5.0,4.0,3.0,0.0,0.0,6.0,16.0,2026-02
Championship,2026-02-03,Sheffield United,Oxford,3.0,1.0,10.0,2.0,3.0,4.0,0.0,0.0,11.0,6.0,2026-02
National League,2026-02-03,Rochdale,Boreham Wood,4.0,1.0,,,1.0,1.0,0.0,0.0,,,2026-02
Championship Escocia,2026-02-03,Queens Park,Ross County,0.0,1.0,4.0,3.0,0.0,3.0,0.0,0.0,7.0,8.0,2026-02
League 1,2026-02-03,Port Vale,AFC Wimbledon,0.0,1.0,10.0,1.0,3.0,2.0,0.0,0.0,10.0,10.0,2026-02
League 1,2026-02-03,Burton,Doncaster,1.0,2.0,20.0,7.0,1.0,2.0,0.0,0.0,20.0,13.0,2026-02
National League,2026-02-03,Altrincham,Morecambe,1.0,1.0,,,2.0,1.0,0.0,0.0,,,2026-02
National League,2026-02-03,Forest Green,Woking,4.0,2.0,,,0.0,2.0,0.0,0.0,,,2026-02
League 1,2026-02-03,Barnsley,Northampton,2.0,2.0,6.0,7.0,2.0,1.0,0.0,0.0,22.0,14.0,2026-02
Serie A,2026-02-03,Bologna,Milan,0.0,3.0,5.0,0.0,3.0,0.0,0.0,0.0,13.0,10.0,2026-02
Premier League,2026-02-02,Sunderland,Burnley,3.0,0.0,1.0,2.0,1.0,4.0,0.0,0.0,14.0,5.0,2026-02
Serie A,2026-02-02,Udinese,Roma,1.0,0.0,4.0,7.0,5.0,4.0,0.0,0.0,8.0,10.0,2026-02
Primeira Liga,2026-02-02,Casa Pia,Porto,2.0,1.0,0.0,10.0,3.0,2.0,0.0,1.0,6.0,15.0,2026-02
Primeira Liga,2026-02-02,AVS,Sp Braga,0.0,4.0,1.0,4.0,0.0,1.0,0.0,0.0,8.0,10.0,2026-02
Turkey Super Lig,2026-02-02,Kocaelispor,Fenerbahce,0.0,2.0,8.0,3.0,2.0,3.0,0.0,0.0,12.0,9.0,2026-02
La Liga,2026-02-02,Mallorca,Sevilla,4.0,1.0,4.0,8.0,1.0,1.0,0.0,0.0,11.0,15.0,2026-02
La Liga 2,2026-02-02,Mirandes,Malaga,2.0,1.0,7.0,6.0,4.0,3.0,0.0,0.0,21.0,16.0,2026-02
Turkey Super Lig,2026-02-01,Galatasaray,Kayserispor,4.0,0.0,6.0,4.0,2.0,5.0,0.0,0.0,23.0,9.0,2026-02
Jupiler Pro League,2026-02-01,Oud-Heverlee Leuven,Mechelen,2.0,2.0,7.0,5.0,3.0,6.0,0.0,0.0,16.0,13.0,2026-02
Jupiler Pro League,2026-02-01,St. Gilloise,Club Brugge,1.0,0.0,5.0,5.0,3.0,2.0,0.0,0.0,13.0,8.0,2026-02
Jupiler Pro League,2026-02-01,Dender,Genk,1.0,2.0,8.0,2.0,5.0,1.0,0.0,0.0,22.0,8.0,2026-02
Jupiler Pro League,2026-02-01,Standard,Anderlecht,2.0,0.0,9.0,4.0,2.0,4.0,0.0,0.0,9.0,15.0,2026-02
Super League Greece,2026-02-01,Levadeiakos,Asteras Tripolis,3.0,1.0,3.0,6.0,3.0,4.0,0.0,0.0,10.0,18.0,2026-02
Super League Greece,2026-02-01,AEK,Olympiakos,1.0,1.0,3.0,1.0,3.0,5.0,0.0,0.0,9.0,11.0,2026-02
La Liga 2,2026-02-01,Eibar,Sp Gijon,1.0,0.0,8.0,3.0,3.0,2.0,0.0,1.0,10.0,9.0,2026-02
Ligue 1,2026-02-01,Lyon,Lille,1.0,0.0,2.0,7.0,1.0,4.0,0.0,0.0,4.0,11.0,2026-02
Bundesliga 2,2026-02-01,Hertha,Darmstadt,2.0,2.0,4.0,6.0,0.0,4.0,1.0,0.0,13.0,15.0,2026-02
Bundesliga,2026-02-01,Dortmund,Heidenheim,3.0,2.0,12.0,3.0,2.0,2.0,0.0,0.0,19.0,12.0,2026-02
Bundesliga,2026-02-01,Stuttgart,Freiburg,1.0,0.0,6.0,2.0,3.0,1.0,0.0,0.0,18.0,11.0,2026-02
Premier League,2026-02-01,Aston Villa,Brentford,0.0,1.0,12.0,1.0,0.0,3.0,0.0,0.0,27.0,6.0,2026-02
Premier League,2026-02-01,Man United,Fulham,3.0,2.0,3.0,7.0,2.0,1.0,0.0,0.0,13.0,14.0,2026-02
Premier League,2026-02-01,Nott'm Forest,Crystal Palace,1.0,1.0,5.0,7.0,1.0,3.0,0.0,0.0,9.0,14.0,2026-02
La Liga 2,2026-02-01,Castellon,Andorra,2.0,0.0,6.0,6.0,3.0,4.0,0.0,0.0,18.0,10.0,2026-02
Premier League,2026-02-01,Tottenham,Man City,2.0,2.0,3.0,4.0,3.0,3.0,0.0,0.0,12.0,15.0,2026-02
Eredivisie,2026-02-01,PSV Eindhoven,Feyenoord,3.0,0.0,8.0,3.0,1.0,3.0,0.0,1.0,14.0,8.0,2026-02
Ligue 1,2026-02-01,Angers,Metz,1.0,0.0,4.0,3.0,2.0,2.0,0.0,1.0,17.0,5.0,2026-02
Ligue 1,2026-02-01,Nice,Brest,2.0,2.0,6.0,5.0,5.0,3.0,0.0,0.0,15.0,12.0,2026-02
Ligue 1,2026-02-01,Toulouse,Auxerre,0.0,0.0,5.0,4.0,1.0,2.0,0.0,0.0,12.0,8.0,2026-02
La Liga 2,2026-02-01,Huesca,Cadiz,1.0,0.0,5.0,4.0,3.0,3.0,0.0,1.0,12.0,11.0,2026-02
Premiership Escocia,2026-02-01,Celtic,Falkirk,2.0,0.0,9.0,4.0,0.0,2.0,0.0,0.0,10.0,14.0,2026-02
Turkey Super Lig,2026-02-01,Genclerbirligi,Gaziantep,2.0,1.0,3.0,2.0,6.0,1.0,0.0,0.0,13.0,14.0,2026-02
La Liga 2,2026-02-01,Granada,Santander,1.0,0.0,5.0,4.0,5.0,4.0,0.0,0.0,13.0,6.0,2026-02
Premiership Escocia,2026-02-01,Hibernian,Rangers,0.0,0.0,9.0,8.0,3.0,2.0,0.0,0.0,17.0,11.0,2026-02
La Liga,2026-02-01,Real Madrid,Vallecano,2.0,1.0,9.0,4.0,2.0,8.0,0.0,2.0,16.0,11.0,2026-02
Serie A,2026-02-01,Como,Atalanta,0.0,0.0,7.0,1.0,4.0,3.0,0.0,1.0,28.0,6.0,2026-02
Eredivisie,2026-02-01,Volendam,Go Ahead Eagles,1.0,1.0,6.0,5.0,4.0,6.0,0.0,1.0,20.0,13.0,2026-02
Eredivisie,2026-02-01,Excelsior,Ajax,2.0,2.0,4.0,1.0,1.0,0.0,0.0,0.0,11.0,9.0,2026-02
Serie B,2026-02-01,Reggiana,Juve Stabia,1.0,1.0,4.0,5.0,2.0,1.0,0.0,0.0,10.0,11.0,2026-02
Eredivisie,2026-02-01,Heerenveen,Utrecht,1.0,1.0,5.0,6.0,1.0,2.0,0.0,0.0,19.0,11.0,2026-02
Primeira Liga,2026-02-01,Gil Vicente,Famalicao,5.0,0.0,3.0,1.0,1.0,1.0,0.0,1.0,17.0,4.0,2026-02
Serie B,2026-02-01,Padova,Monza,1.0,2.0,3.0,9.0,3.0,1.0,0.0,0.0,19.0,19.0,2026-02
Primeira Liga,2026-02-01,Tondela,Benfica,0.0,0.0,1.0,13.0,5.0,0.0,0.0,0.0,7.0,23.0,2026-02
Primeira Liga,2026-02-01,Sp Lisbon,Nacional,2.0,1.0,11.0,0.0,0.0,3.0,0.0,0.0,16.0,6.0,2026-02
Serie A,2026-02-01,Parma,Juventus,1.0,4.0,5.0,3.0,1.0,3.0,0.0,0.0,10.0,15.0,2026-02
Serie A,2026-02-01,Cremonese,Inter,0.0,2.0,1.0,6.0,3.0,0.0,0.0,0.0,9.0,15.0,2026-02
Serie A,2026-02-01,Torino,Lecce,1.0,0.0,3.0,8.0,2.0,2.0,0.0,0.0,17.0,14.0,2026-02
Eredivisie,2026-02-01,Heracles,For Sittard,2.0,1.0,4.0,5.0,2.0,3.0,0.0,0.0,11.0,12.0,2026-02
Bundesliga 2,2026-02-01,Dresden,Bielefeld,1.0,1.0,3.0,5.0,2.0,3.0,1.0,0.0,12.0,17.0,2026-02
La Liga 2,2026-02-01,Almeria,Ceuta,4.0,2.0,5.0,2.0,2.0,3.0,0.0,0.0,16.0,16.0,2026-02
Super League Greece,2026-02-01,Panathinaikos,Kifisia,3.0,0.0,4.0,5.0,2.0,7.0,0.0,1.0,14.0,7.0,2026-02
Super League Greece,2026-02-01,PAOK,Panserraikos,4.0,1.0,6.0,1.0,0.0,0.0,0.0,0.0,13.0,5.0,2026-02
Bundesliga 2,2026-02-01,Fortuna Dusseldorf,Paderborn,2.0,1.0,7.0,1.0,2.0,3.0,0.0,1.0,8.0,10.0,2026-02
La Liga,2026-02-01,Ath Bilbao,Sociedad,1.0,1.0,6.0,3.0,4.0,2.0,0.0,1.0,19.0,9.0,2026-02
La Liga,2026-02-01,Getafe,Celta,0.0,0.0,5.0,3.0,1.0,2.0,0.0,0.0,9.0,5.0,2026-02
La Liga,2026-02-01,Betis,Valencia,2.0,1.0,3.0,5.0,0.0,4.0,0.0,0.0,14.0,15.0,2026-02
Ligue 1,2026-02-01,Strasbourg,Paris SG,1.0,2.0,5.0,6.0,1.0,0.0,0.0,1.0,9.0,13.0,2026-02
